,Player,Team,Pos,Rec,Rec Yds,Rec TDs,Fum,Rush Att,Rush Yds,Rush TDs,Pass Att,Pass Comp,Pass Yds,Pass TDs,Ints,Fantasy Points
0,Josh Allen,BUF,QB,0.0,0.0,0.0,5.1,110.8,519.9,8.0,605.2,400.8,4588.8,33.7,13.3,381.2
1,Patrick Mahomes II,KC,QB,0.0,0.0,0.0,2.5,55.2,267.2,2.9,632.1,420.3,5048.5,38.5,8.9,377.6
2,Kyler Murray,ARI,QB,0.0,0.0,0.0,3.7,127.0,704.1,7.8,584.4,387.8,4175.7,26.5,12.4,358.3
0,Christian McCaffrey,CAR,RB,96.9,787.9,4.5,2.5,297.7,1304.2,12.1,0.0,0.0,0.0,0.0,0.0,352.1
3,Lamar Jackson,BAL,QB,0.0,0.0,0.0,4.0,152.4,918.3,6.6,462.2,295.8,3377.4,29.0,12.2,350.2
4,Dak Prescott,DAL,QB,0.0,0.0,0.0,4.1,64.1,299.5,4.0,617.3,412.5,4807.9,31.1,11.0,340.6
5,Justin Herbert,LAC,QB,0.0,0.0,0.0,2.6,61.5,273.4,4.4,617.5,402.5,4619.7,31.0,12.0,333.4
6,Russell Wilson,SEA,QB,0.0,0.0,0.0,3.5,83.3,450.1,2.1,570.4,380.5,4247.9,34.4,12.3,333.3
7,Aaron Rodgers,GB,QB,0.0,0.0,0.0,3.1,41.0,174.0,1.9,571.2,384.8,4458.1,36.6,7.2,332.8
8,Tom Brady,TB,QB,0.0,0.0,0.0,2.2,23.8,29.9,2.0,623.4,405.8,4720.0,37.1,11.9,324.1
1,Dalvin Cook,MIN,RB,56.0,481.7,2.0,2.9,317.4,1490.3,13.0,0.0,0.0,0.0,0.0,0.0,309.2
9,Jalen Hurts,PHI,QB,0.0,0.0,0.0,4.9,138.0,711.0,6.2,542.5,329.0,3747.4,22.6,15.1,308.7
10,Ryan Tannehill,TEN,QB,0.0,0.0,0.0,2.9,51.5,227.7,3.4,531.2,351.4,4153.3,30.5,10.5,304.7
2,Derrick Henry,TEN,RB,25.8,192.1,1.2,2.7,344.1,1686.4,14.4,0.0,0.0,0.0,0.0,0.0,288.6
11,Joe Burrow,CIN,QB,0.0,0.0,0.0,4.2,54.3,228.0,3.0,611.8,400.6,4320.8,26.4,11.5,288.1
0,Davante Adams,GB,WR,123.7,1492.1,12.6,0.8,0.0,0.0,0.0,0.0,0.0,0.0,0.0,0.0,285.1
12,Matthew Stafford,LAR,QB,0.0,0.0,0.0,3.2,28.9,109.7,0.6,606.5,402.3,4546.9,28.4,11.5,280.6
1,Tyreek Hill,KC,WR,100.7,1440.6,12.2,0.7,12.9,81.8,0.8,0.0,0.0,0.0,0.0,0.0,279.6
13,Trevor Lawrence,JAC,QB,0.0,0.0,0.0,5.3,66.8,343.3,2.3,597.6,382.4,4190.2,24.8,13.4,277.8
14,Kirk Cousins,MIN,QB,0.0,0.0,0.0,4.1,35.3,114.3,1.1,542.9,365.4,4286.8,30.0,13.0,275.2
3,Alvin Kamara,NO,RB,77.9,666.5,3.4,1.9,206.9,945.7,9.7,0.0,0.0,0.0,0.0,0.0,275.2
15,Matt Ryan,ATL,QB,0.0,0.0,0.0,4.3,33.2,119.3,1.4,613.9,401.3,4516.5,26.8,12.8,273.7
16,Carson Wentz,IND,QB,0.0,0.0,0.0,5.8,63.7,278.2,3.2,559.0,352.0,3872.1,26.5,13.6,269.0
17,Derek Carr,LV,QB,0.0,0.0,0.0,5.3,31.5,110.4,1.8,565.1,374.5,4312.5,26.7,10.9,268.7
18,Tua Tagovailoa,MIA,QB,0.0,0.0,0.0,1.7,54.3,205.7,2.7,574.6,375.0,3957.3,25.9,13.5,268.3
19,Baker Mayfield,CLE,QB,0.0,0.0,0.0,3.3,44.2,168.4,1.8,537.2,343.7,3951.0,27.9,11.4,267.8
4,Saquon Barkley,NYG,RB,57.8,448.8,2.0,1.8,272.9,1261.8,9.6,0.0,0.0,0.0,0.0,0.0,266.2
20,Ben Roethlisberger,PIT,QB,0.0,0.0,0.0,2.3,20.8,44.9,0.5,623.3,404.7,4216.1,29.7,14.4,261.7
2,Stefon Diggs,BUF,WR,112.8,1468.8,9.1,1.2,2.4,15.5,0.1,0.0,0.0,0.0,0.0,0.0,257.2
5,Jonathan Taylor,IND,RB,42.3,325.6,1.9,1.9,277.7,1288.9,11.1,0.0,0.0,0.0,0.0,0.0,256.5
0,Travis Kelce,KC,TE,112.6,1405.8,10.1,0.8,0.0,0.0,0.0,0.0,0.0,0.0,0.0,0.0,256.1
21,Daniel Jones,NYG,QB,0.0,0.0,0.0,8.5,71.0,406.9,2.7,546.8,342.3,3755.8,22.8,13.6,254.0
6,Aaron Jones,GB,RB,50.4,394.5,2.6,2.1,234.1,1135.3,10.3,0.0,0.0,0.0,0.0,0.0,251.2
7,Ezekiel Elliott,DAL,RB,52.5,389.3,2.3,3.0,283.0,1206.6,9.5,0.0,0.0,0.0,0.0,0.0,250.9
3,DeAndre Hopkins,ARI,WR,121.8,1461.2,7.6,1.5,1.5,7.4,0.0,0.0,0.0,0.0,0.0,0.0,250.4
22,Sam Darnold,CAR,QB,0.0,0.0,0.0,3.9,50.3,219.8,3.3,555.5,350.5,3923.5,22.1,15.0,249.4
4,Calvin Ridley,ATL,WR,99.8,1425.3,9.1,0.8,4.8,26.3,0.1,0.0,0.0,0.0,0.0,0.0,248.5
8,Austin Ekeler,LAC,RB,80.7,698.9,4.9,1.6,181.8,826.7,4.8,0.0,0.0,0.0,0.0,0.0,247.7
23,Zach Wilson,NYJ,QB,0.0,0.0,0.0,5.5,64.5,306.4,2.3,553.9,347.3,3917.7,21.6,14.9,246.3
24,Ryan Fitzpatrick,WAS,QB,0.0,0.0,0.0,2.3,47.6,232.1,3.0,541.7,358.4,3840.4,21.9,16.4,245.4
9,Nick Chubb,CLE,RB,28.7,227.5,1.0,1.9,274.2,1373.8,11.1,0.0,0.0,0.0,0.0,0.0,243.0
10,Joe Mixon,CIN,RB,50.2,368.6,2.9,2.0,278.0,1171.6,8.2,0.0,0.0,0.0,0.0,0.0,241.5
11,Cam Akers,LAR,RB,36.5,338.3,2.0,2.0,274.5,1230.9,9.6,0.0,0.0,0.0,0.0,0.0,240.7
12,Najee Harris,PIT,RB,49.5,367.8,2.2,2.6,260.1,1155.7,8.6,0.0,0.0,0.0,0.0,0.0,237.0
25,Jared Goff,DET,QB,0.0,0.0,0.0,4.1,39.9,90.1,1.7,578.6,370.9,4151.9,22.5,14.9,236.9
5,Justin Jefferson,MIN,WR,94.5,1399.3,7.9,0.8,0.4,1.5,0.0,0.0,0.0,0.0,0.0,0.0,233.1
6,D.K. Metcalf,SEA,WR,86.6,1304.9,9.9,1.4,0.3,1.3,0.0,0.0,0.0,0.0,0.0,0.0,230.7
13,Antonio Gibson,WAS,RB,45.7,331.3,1.4,2.1,245.4,1103.8,9.9,0.0,0.0,0.0,0.0,0.0,229.6
7,A.J. Brown,TEN,WR,84.6,1269.5,9.8,0.9,0.5,7.5,0.0,0.0,0.0,0.0,0.0,0.0,227.0
8,Keenan Allen,LAC,WR,111.5,1207.8,7.8,1.0,3.0,16.3,0.1,0.0,0.0,0.0,0.0,0.0,223.9
14,D'Andre Swift,DET,RB,60.0,447.4,2.1,2.3,206.5,905.4,8.3,0.0,0.0,0.0,0.0,0.0,223.3
26,Deshaun Watson,HOU,QB,0.0,0.0,0.0,3.0,60.0,282.5,2.9,380.7,258.9,3089.2,18.0,8.0,219.0
9,Michael Thomas,NO,WR,103.9,1237.0,6.7,0.8,0.3,-1.0,0.0,0.0,0.0,0.0,0.0,0.0,214.5
15,Chris Carson,SEA,RB,43.4,320.9,2.4,2.1,228.2,1045.6,7.3,0.0,0.0,0.0,0.0,0.0,212.4
10,Amari Cooper,DAL,WR,92.0,1212.7,7.4,0.8,2.6,12.1,0.0,0.0,0.0,0.0,0.0,0.0,211.5
16,Clyde Edwards-Helaire,KC,RB,48.8,376.2,2.1,1.7,218.7,984.3,6.9,0.0,0.0,0.0,0.0,0.0,211.0
11,Allen Robinson II,CHI,WR,97.3,1214.1,6.8,0.7,0.3,0.3,0.0,0.0,0.0,0.0,0.0,0.0,209.6
1,George Kittle,SF,TE,97.0,1218.5,6.6,0.7,0.0,0.0,0.0,0.0,0.0,0.0,0.0,0.0,208.6
12,Robert Woods,LAR,WR,97.8,1090.1,5.9,0.8,15.9,97.8,1.2,0.0,0.0,0.0,0.0,0.0,208.6
13,Terry McLaurin,WAS,WR,90.2,1219.3,6.8,0.7,1.8,12.1,0.1,0.0,0.0,0.0,0.0,0.0,207.7
17,Miles Sanders,PHI,RB,43.4,361.1,1.7,1.8,217.8,1044.6,6.4,0.0,0.0,0.0,0.0,0.0,207.4
2,Darren Waller,LV,TE,100.4,1148.6,7.1,0.9,0.0,0.0,0.0,0.0,0.0,0.0,0.0,0.0,206.1
14,Mike Evans,TB,WR,76.1,1116.0,9.6,0.7,0.0,0.0,0.0,0.0,0.0,0.0,0.0,0.0,205.7
18,J.K. Dobbins,BAL,RB,30.1,228.4,1.1,1.6,212.0,1076.7,9.4,0.0,0.0,0.0,0.0,0.0,205.5
19,David Montgomery,CHI,RB,37.5,298.9,1.5,1.9,247.6,1037.0,7.9,0.0,0.0,0.0,0.0,0.0,204.8
20,Josh Jacobs,LV,RB,31.5,236.3,0.9,2.0,250.0,1068.0,9.4,0.0,0.0,0.0,0.0,0.0,203.9
27,Cam Newton,NE,QB,0.0,0.0,0.0,2.3,87.9,382.2,6.2,332.2,218.6,2416.8,14.0,9.8,203.7
15,Tyler Lockett,SEA,WR,92.5,1055.5,8.4,0.7,1.6,5.7,0.0,0.0,0.0,0.0,0.0,0.0,201.5
16,Adam Thielen,MIN,WR,81.1,1034.0,9.2,0.7,3.2,14.5,0.3,0.0,0.0,0.0,0.0,0.0,200.7
17,CeeDee Lamb,DAL,WR,83.6,1093.1,6.7,0.8,8.7,62.5,0.6,0.0,0.0,0.0,0.0,0.0,199.5
21,Myles Gaskin,MIA,RB,48.2,372.9,2.0,2.1,216.1,917.7,6.1,0.0,0.0,0.0,0.0,0.0,197.3
18,Cooper Kupp,LAR,WR,92.4,1069.5,7.1,0.7,2.8,17.5,0.0,0.0,0.0,0.0,0.0,0.0,196.5
19,D.J. Moore,CAR,WR,82.9,1200.6,5.4,0.8,3.1,20.1,0.1,0.0,0.0,0.0,0.0,0.0,194.7
20,Chris Godwin,TB,WR,82.6,1077.5,7.4,0.8,0.3,2.0,0.0,0.0,0.0,0.0,0.0,0.0,192.3
21,Julio Jones,TEN,WR,78.2,1107.4,7.2,0.7,0.5,-0.5,0.0,0.0,0.0,0.0,0.0,0.0,191.9
28,Justin Fields,CHI,QB,0.0,0.0,0.0,4.5,60.5,306.0,2.5,393.6,252.0,2666.1,17.1,9.9,191.7
22,Mike Davis,ATL,RB,48.8,311.7,1.7,1.9,227.0,895.6,6.6,0.0,0.0,0.0,0.0,0.0,191.0
22,Tee Higgins,CIN,WR,79.5,1062.8,6.6,0.8,2.3,12.3,0.0,0.0,0.0,0.0,0.0,0.0,185.5
23,Chase Edmonds,ARI,RB,52.2,382.0,2.9,1.5,173.2,770.8,4.9,0.0,0.0,0.0,0.0,0.0,185.2
23,Diontae Johnson,PIT,WR,94.5,983.9,6.3,1.4,4.4,27.2,0.1,0.0,0.0,0.0,0.0,0.0,183.9
24,Courtland Sutton,DEN,WR,74.1,1054.3,6.7,0.8,1.7,9.4,0.0,0.0,0.0,0.0,0.0,0.0,182.3
25,Odell Beckham Jr.,CLE,WR,71.2,996.2,6.7,0.7,5.8,51.4,0.3,0.0,0.0,0.0,0.0,0.0,180.8
29,Jameis Winston,NO,QB,0.0,0.0,0.0,3.9,38.3,162.3,0.9,386.6,250.7,2835.3,19.4,12.7,179.9
26,Ja'Marr Chase,CIN,WR,73.3,1063.7,6.1,1.2,1.5,8.2,0.0,0.0,0.0,0.0,0.0,0.0,178.4
27,Kenny Golladay,NYG,WR,70.0,1046.6,6.6,0.7,0.0,0.0,0.0,0.0,0.0,0.0,0.0,0.0,178.0
28,Brandon Aiyuk,SF,WR,72.5,924.1,6.4,0.7,13.8,77.9,0.7,0.0,0.0,0.0,0.0,0.0,177.3
29,D.J. Chark Jr.,JAC,WR,76.5,1026.2,6.1,0.7,0.3,3.3,0.0,0.0,0.0,0.0,0.0,0.0,176.8
30,JuJu Smith-Schuster,PIT,WR,89.9,905.7,6.8,0.9,0.0,0.0,0.0,0.0,0.0,0.0,0.0,0.0,174.3
31,Chase Claypool,PIT,WR,69.9,898.8,6.9,0.9,8.3,44.0,0.6,0.0,0.0,0.0,0.0,0.0,172.6
24,Travis Etienne,JAC,RB,59.6,478.1,2.4,1.9,133.5,596.6,4.0,0.0,0.0,0.0,0.0,0.0,172.4
32,Brandin Cooks,HOU,WR,73.5,1036.4,5.2,0.7,0.8,6.8,0.0,0.0,0.0,0.0,0.0,0.0,171.1
33,Robby Anderson,CAR,WR,80.3,989.8,5.2,0.8,2.5,12.3,0.1,0.0,0.0,0.0,0.0,0.0,170.3
34,Deebo Samuel,SF,WR,72.1,922.3,4.8,0.8,12.9,96.4,0.7,0.0,0.0,0.0,0.0,0.0,169.5
30,Trey Lance,SF,QB,0.0,0.0,0.0,4.1,54.9,282.3,2.6,303.3,197.7,2300.7,14.6,8.4,169.2
3,Mark Andrews,BAL,TE,69.5,848.3,8.2,0.9,0.0,0.0,0.0,0.0,0.0,0.0,0.0,0.0,167.1
25,Kareem Hunt,CLE,RB,38.9,317.8,2.5,1.3,154.6,684.1,5.5,0.0,0.0,0.0,0.0,0.0,165.3
35,Tyler Boyd,CIN,WR,82.0,910.4,5.0,0.8,2.1,15.6,0.0,0.0,0.0,0.0,0.0,0.0,162.4
36,Jarvis Landry,CLE,WR,74.3,900.0,5.1,0.8,2.0,10.1,0.3,0.0,0.0,0.0,0.0,0.0,158.9
37,Jerry Jeudy,DEN,WR,68.2,966.8,4.9,0.8,0.0,0.0,0.0,0.0,0.0,0.0,0.0,0.0,158.7
38,Michael Gallup,DAL,WR,62.8,924.8,5.9,0.6,0.0,0.0,0.0,0.0,0.0,0.0,0.0,0.0,158.1
39,Marquise Brown,BAL,WR,61.0,823.6,7.1,0.6,2.5,13.0,0.1,0.0,0.0,0.0,0.0,0.0,155.8
40,Laviska Shenault Jr.,JAC,WR,70.0,776.4,4.9,0.7,20.2,111.3,0.5,0.0,0.0,0.0,0.0,0.0,155.0
26,Raheem Mostert,SF,RB,24.9,216.5,1.3,1.4,156.4,778.3,6.1,0.0,0.0,0.0,0.0,0.0,154.0
4,Kyle Pitts,ATL,TE,69.0,832.3,6.4,1.2,0.0,0.0,0.0,0.0,0.0,0.0,0.0,0.0,153.6
41,Curtis Samuel,WAS,WR,63.4,744.8,4.9,0.7,24.7,129.1,1.1,0.0,0.0,0.0,0.0,0.0,153.4
42,DeVante Parker,MIA,WR,67.1,858.6,5.7,0.7,0.0,0.0,0.0,0.0,0.0,0.0,0.0,0.0,152.5
27,James Robinson,JAC,RB,30.8,220.8,1.0,1.4,179.7,786.0,5.4,0.0,0.0,0.0,0.0,0.0,151.5
28,David Johnson,HOU,RB,35.9,322.5,2.3,1.5,147.8,619.0,4.7,0.0,0.0,0.0,0.0,0.0,151.0
43,DeVonta Smith,PHI,WR,63.8,910.4,4.9,1.2,1.0,6.2,0.0,0.0,0.0,0.0,0.0,0.0,150.5
44,Will Fuller V,MIA,WR,66.8,850.8,5.3,0.6,0.0,0.0,0.0,0.0,0.0,0.0,0.0,0.0,149.1
29,Leonard Fournette,TB,RB,32.5,224.1,1.1,1.2,166.0,684.5,6.3,0.0,0.0,0.0,0.0,0.0,148.9
5,T.J. Hockenson,DET,TE,73.8,822.0,5.2,0.8,0.0,0.0,0.0,0.0,0.0,0.0,0.0,0.0,148.8
45,T.Y. Hilton,IND,WR,62.4,828.2,5.8,0.6,0.0,0.0,0.0,0.0,0.0,0.0,0.0,0.0,147.5
30,Melvin Gordon III,DEN,RB,26.4,167.1,1.0,3.0,182.8,805.3,6.1,0.0,0.0,0.0,0.0,0.0,147.1
46,Corey Davis,NYJ,WR,68.4,885.7,4.1,0.8,0.0,0.0,0.0,0.0,0.0,0.0,0.0,0.0,145.7
47,Mike Williams,LAC,WR,53.5,878.8,5.2,0.6,0.3,0.5,0.0,0.0,0.0,0.0,0.0,0.0,144.5
48,Marvin Jones Jr.,JAC,WR,62.6,798.9,5.4,0.6,0.3,0.0,0.0,0.0,0.0,0.0,0.0,0.0,142.4
31,Javonte Williams,DEN,RB,21.5,164.9,1.0,1.9,177.1,786.5,5.0,0.0,0.0,0.0,0.0,0.0,138.1
32,Damien Harris,NE,RB,10.1,76.8,0.2,1.4,199.0,933.2,5.3,0.0,0.0,0.0,0.0,0.0,136.7
49,Antonio Brown,TB,WR,61.4,686.7,6.1,0.6,1.8,11.1,0.0,0.0,0.0,0.0,0.0,0.0,135.6
50,Cole Beasley,BUF,WR,66.1,763.6,4.5,0.6,0.0,0.0,0.0,0.0,0.0,0.0,0.0,0.0,135.3
31,Teddy Bridgewater,DEN,QB,0.0,0.0,0.0,1.2,30.7,132.2,1.7,284.4,181.1,2046.8,12.4,8.9,134.7
33,Ronald Jones II,TB,RB,18.9,133.8,0.4,1.4,169.7,766.9,5.9,0.0,0.0,0.0,0.0,0.0,134.6
51,Mecole Hardman,KC,WR,51.8,722.6,5.5,1.7,6.4,43.7,0.1,0.0,0.0,0.0,0.0,0.0,132.6
32,Taysom Hill,NO,QB,0.0,0.0,0.0,3.9,75.4,396.5,4.5,185.3,123.9,1302.7,7.6,4.9,131.8
34,Zack Moss,BUF,RB,23.3,167.7,0.9,1.2,155.6,665.4,5.6,0.0,0.0,0.0,0.0,0.0,131.8
52,Tyrell Williams,DET,WR,55.9,809.9,4.0,0.7,0.0,0.0,0.0,0.0,0.0,0.0,0.0,0.0,131.6
6,Dallas Goedert,PHI,TE,63.2,705.8,5.1,0.7,0.0,0.0,0.0,0.0,0.0,0.0,0.0,0.0,131.5
33,Jimmy Garoppolo,SF,QB,0.0,0.0,0.0,1.2,14.9,36.6,0.5,275.7,187.0,2181.3,13.2,7.2,130.1
53,Russell Gage,ATL,WR,66.6,721.6,4.0,0.6,1.5,6.3,0.0,0.0,0.0,0.0,0.0,0.0,129.2
54,Jaylen Waddle,MIA,WR,56.4,749.1,4.6,1.2,1.0,5.6,0.0,0.0,0.0,0.0,0.0,0.0,129.0
35,Kenyan Drake,LV,RB,35.1,247.5,0.8,1.4,137.3,571.2,4.6,0.0,0.0,0.0,0.0,0.0,129.0
55,Michael Pittman Jr.,IND,WR,56.6,744.2,4.0,0.7,3.4,22.3,0.0,0.0,0.0,0.0,0.0,0.0,127.9
56,Breshad Perriman,DET,WR,52.7,765.9,3.9,0.1,1.9,11.3,0.0,0.0,0.0,0.0,0.0,0.0,127.4
57,Henry Ruggs III,LV,WR,49.4,760.0,4.1,1.7,7.6,42.0,0.1,0.0,0.0,0.0,0.0,0.0,127.2
58,Darnell Mooney,CHI,WR,60.4,704.6,4.2,0.7,3.3,18.7,0.1,0.0,0.0,0.0,0.0,0.0,126.6
7,Noah Fant,DEN,TE,62.1,689.9,4.4,0.6,0.0,0.0,0.0,0.0,0.0,0.0,0.0,0.0,125.3
8,Tyler Higbee,LAR,TE,58.0,653.8,5.4,0.6,0.0,0.0,0.0,0.0,0.0,0.0,0.0,0.0,125.3
59,Emmanuel Sanders,BUF,WR,56.0,684.8,4.8,0.6,1.1,6.7,0.1,0.0,0.0,0.0,0.0,0.0,125.1
9,Logan Thomas,WAS,TE,62.9,645.6,5.0,0.6,0.0,0.0,0.0,0.0,0.0,0.0,0.0,0.0,124.6
10,Robert Tonyan,GB,TE,54.6,601.8,6.2,0.1,0.0,0.0,0.0,0.0,0.0,0.0,0.0,0.0,124.5
60,Jalen Reagor,PHI,WR,53.2,722.5,3.8,0.7,3.1,17.3,0.1,0.0,0.0,0.0,0.0,0.0,122.5
36,James Conner,ARI,RB,21.8,151.9,0.7,1.4,140.4,623.1,5.4,0.0,0.0,0.0,0.0,0.0,122.3
37,Latavius Murray,NO,RB,26.2,188.0,1.0,1.2,142.6,606.8,4.1,0.0,0.0,0.0,0.0,0.0,121.0
39,Trey Sermon,SF,RB,18.6,152.1,1.0,1.7,138.1,627.3,5.2,0.0,0.0,0.0,0.0,0.0,120.5
38,Michael Carter,NYJ,RB,26.7,204.5,0.9,1.8,144.9,608.0,4.0,0.0,0.0,0.0,0.0,0.0,120.5
11,Mike Gesicki,MIA,TE,55.3,621.8,5.3,0.7,0.0,0.0,0.0,0.0,0.0,0.0,0.0,0.0,120.2
61,Nelson Agholor,NE,WR,49.7,704.7,4.3,0.7,0.3,1.3,0.0,0.0,0.0,0.0,0.0,0.0,119.9
40,Jamaal Williams,DET,RB,35.3,240.5,1.3,1.2,129.9,526.6,3.3,0.0,0.0,0.0,0.0,0.0,119.7
41,J.D. McKissic,WAS,RB,56.4,410.3,1.7,0.8,66.6,288.9,1.5,0.0,0.0,0.0,0.0,0.0,116.3
34,Drew Lock,DEN,QB,0.0,0.0,0.0,2.5,29.0,114.9,1.0,270.7,160.1,1840.7,11.3,7.8,116.1
42,Devin Singletary,BUF,RB,31.7,224.0,1.3,1.3,122.8,542.5,3.0,0.0,0.0,0.0,0.0,0.0,115.3
62,Gabriel Davis,BUF,WR,42.9,634.4,5.0,0.1,0.3,0.0,0.0,0.0,0.0,0.0,0.0,0.0,114.5
63,Allen Lazard,GB,WR,48.0,661.7,4.1,0.6,1.3,9.7,0.0,0.0,0.0,0.0,0.0,0.0,114.4
43,Gus Edwards,BAL,RB,10.5,88.0,0.3,1.3,149.9,728.7,4.7,0.0,0.0,0.0,0.0,0.0,113.9
12,Irv Smith Jr.,MIN,TE,51.8,569.2,5.4,0.7,0.0,0.0,0.0,0.0,0.0,0.0,0.0,0.0,113.8
64,Sterling Shepard,NYG,WR,58.9,600.7,3.4,0.6,3.3,25.8,0.3,0.0,0.0,0.0,0.0,0.0,113.2
44,Nyheim Hines,IND,RB,50.0,373.5,2.2,1.2,62.1,266.6,2.1,0.0,0.0,0.0,0.0,0.0,112.8
13,Eric Ebron,PIT,TE,58.0,573.3,4.6,0.7,0.0,0.0,0.0,0.0,0.0,0.0,0.0,0.0,112.3
35,Tyrod Taylor,HOU,QB,0.0,0.0,0.0,1.1,26.8,124.8,1.0,243.8,149.8,1700.7,9.2,4.8,111.5
46,James White,NE,RB,52.1,421.5,2.3,1.2,52.5,215.0,1.7,0.0,0.0,0.0,0.0,0.0,111.4
45,Tony Pollard,DAL,RB,29.6,217.9,1.3,1.2,112.2,502.4,3.2,0.0,0.0,0.0,0.0,0.0,111.4
47,Tarik Cohen,CHI,RB,55.8,384.3,2.0,0.8,64.8,272.2,1.1,0.0,0.0,0.0,0.0,0.0,111.0
65,A.J. Green,ARI,WR,51.2,626.3,3.9,0.7,0.0,0.0,0.0,0.0,0.0,0.0,0.0,0.0,110.5
14,Jared Cook,LAC,TE,45.9,577.3,5.1,0.6,0.0,0.0,0.0,0.0,0.0,0.0,0.0,0.0,110.2
66,John Brown,LV,WR,47.9,651.1,3.7,0.6,0.3,1.0,0.0,0.0,0.0,0.0,0.0,0.0,110.2
15,Rob Gronkowski,TB,TE,42.1,549.8,5.5,0.2,0.0,0.0,0.0,0.0,0.0,0.0,0.0,0.0,108.8
16,Evan Engram,NYG,TE,57.9,587.4,3.7,0.7,0.0,0.0,0.0,0.0,0.0,0.0,0.0,0.0,108.5
67,Jamison Crowder,NYJ,WR,54.5,607.1,3.5,0.6,0.3,3.3,0.0,0.0,0.0,0.0,0.0,0.0,108.2
68,Christian Kirk,ARI,WR,47.8,578.5,4.1,0.6,3.9,27.0,0.0,0.0,0.0,0.0,0.0,0.0,108.0
48,AJ Dillon,GB,RB,14.5,110.2,0.5,1.4,139.2,627.4,4.1,0.0,0.0,0.0,0.0,0.0,105.9
17,Jonnu Smith,NE,TE,53.3,558.7,4.1,0.7,0.0,0.0,0.0,0.0,0.0,0.0,0.0,0.0,105.9
69,Tre'Quan Smith,NO,WR,40.1,576.4,4.6,0.1,0.3,0.5,0.0,0.0,0.0,0.0,0.0,0.0,105.1
49,Tevin Coleman,NYJ,RB,19.0,141.6,0.6,1.2,142.1,559.8,3.9,0.0,0.0,0.0,0.0,0.0,104.1
70,Rashod Bateman,BAL,WR,43.1,569.4,4.4,0.6,0.8,4.8,0.0,0.0,0.0,0.0,0.0,0.0,103.8
18,Hunter Henry,NE,TE,51.3,555.8,3.9,0.6,0.0,0.0,0.0,0.0,0.0,0.0,0.0,0.0,103.5
71,Marquez Valdes-Scantling,GB,WR,34.5,593.0,4.2,0.6,2.5,14.8,0.0,0.0,0.0,0.0,0.0,0.0,102.2
19,Blake Jarwin,DAL,TE,47.9,535.9,4.1,0.2,0.0,0.0,0.0,0.0,0.0,0.0,0.0,0.0,101.6
72,Elijah Moore,NYJ,WR,48.6,591.1,3.0,0.4,0.7,4.2,0.0,0.0,0.0,0.0,0.0,0.0,101.4
73,Randall Cobb,HOU,WR,49.0,605.2,2.9,0.7,0.5,1.3,0.0,0.0,0.0,0.0,0.0,0.0,101.2
20,Austin Hooper,CLE,TE,49.8,499.6,4.5,0.6,0.0,0.0,0.0,0.0,0.0,0.0,0.0,0.0,100.5
21,Adam Trautman,NO,TE,49.6,537.7,3.8,0.7,0.0,0.0,0.0,0.0,0.0,0.0,0.0,0.0,99.7
74,Rondale Moore,ARI,WR,47.1,581.4,3.2,1.2,1.1,6.2,0.0,0.0,0.0,0.0,0.0,0.0,99.5
22,Anthony Firkser,TEN,TE,48.7,522.9,3.8,0.1,0.0,0.0,0.0,0.0,0.0,0.0,0.0,0.0,99.4
75,Parris Campbell,IND,WR,43.6,527.3,3.4,0.4,4.9,30.7,0.2,0.0,0.0,0.0,0.0,0.0,98.4
76,Darius Slayton,NYG,WR,41.9,569.3,3.5,0.6,0.8,2.6,0.0,0.0,0.0,0.0,0.0,0.0,97.9
77,Terrace Marshall Jr.,CAR,WR,44.7,582.6,3.2,1.1,0.5,2.8,0.0,0.0,0.0,0.0,0.0,0.0,97.8
78,Hunter Renfrow,LV,WR,45.4,547.2,2.9,0.6,0.0,0.0,0.0,0.0,0.0,0.0,0.0,0.0,93.9
50,Darrell Henderson,LAR,RB,16.6,137.9,0.8,1.1,110.4,469.4,3.7,0.0,0.0,0.0,0.0,0.0,93.8
79,DeSean Jackson,LAR,WR,33.8,543.8,3.4,0.6,1.6,10.6,0.0,0.0,0.0,0.0,0.0,0.0,92.2
51,Alexander Mattison,MIN,RB,16.5,134.3,0.6,0.7,112.8,507.5,2.6,0.0,0.0,0.0,0.0,0.0,90.8
80,Jakobi Meyers,NE,WR,42.8,541.0,2.4,0.4,0.8,4.1,0.0,0.0,0.0,0.0,0.0,0.0,89.6
36,Andy Dalton,CHI,QB,0.0,0.0,0.0,0.8,12.9,43.5,0.5,211.0,134.7,1450.6,8.5,5.0,87.8
23,Gerald Everett,SEA,TE,41.9,431.5,3.9,0.6,0.0,0.0,0.0,0.0,0.0,0.0,0.0,0.0,86.1
37,Mac Jones,NE,QB,0.0,0.0,0.0,0.7,16.0,59.0,0.7,195.0,122.8,1379.3,8.3,5.7,85.5
52,Phillip Lindsay,HOU,RB,20.4,130.8,0.3,1.1,104.2,460.6,2.7,0.0,0.0,0.0,0.0,0.0,85.4
81,Chris Conley,HOU,WR,35.9,506.4,2.8,0.2,0.0,0.0,0.0,0.0,0.0,0.0,0.0,0.0,84.9
53,Rashaad Penny,SEA,RB,15.4,120.7,0.7,0.7,90.8,423.4,3.1,0.0,0.0,0.0,0.0,0.0,83.9
54,Sony Michel,NE,RB,8.4,72.7,0.4,0.7,115.5,510.3,3.4,0.0,0.0,0.0,0.0,0.0,83.9
82,Amon-Ra St. Brown,DET,WR,39.7,507.2,2.3,0.6,0.5,2.3,0.0,0.0,0.0,0.0,0.0,0.0,83.5
83,Denzel Mims,NYJ,WR,37.3,525.3,2.2,0.6,0.3,0.8,0.0,0.0,0.0,0.0,0.0,0.0,83.3
84,Keelan Cole Sr.,NYJ,WR,37.0,475.7,3.0,0.5,0.0,0.0,0.0,0.0,0.0,0.0,0.0,0.0,83.1
85,Josh Reynolds,TEN,WR,36.1,469.6,3.1,0.6,0.8,4.5,0.0,0.0,0.0,0.0,0.0,0.0,82.9
86,Van Jefferson,LAR,WR,37.4,454.2,3.1,0.1,0.3,0.0,0.0,0.0,0.0,0.0,0.0,0.0,82.8
24,Zach Ertz,PHI,TE,42.0,434.0,3.0,0.1,0.0,0.0,0.0,0.0,0.0,0.0,0.0,0.0,82.1
55,Darrel Williams,KC,RB,21.1,155.4,0.8,0.6,78.5,328.4,3.3,0.0,0.0,0.0,0.0,0.0,82.0
25,Cole Kmet,CHI,TE,43.2,431.2,3.1,1.2,0.0,0.0,0.0,0.0,0.0,0.0,0.0,0.0,81.3
87,Sammy Watkins,BAL,WR,35.1,429.7,3.4,0.6,0.8,7.5,0.0,0.0,0.0,0.0,0.0,0.0,80.3
26,Dawson Knox,BUF,TE,35.4,407.3,3.7,0.7,0.0,0.0,0.0,0.0,0.0,0.0,0.0,0.0,79.6
27,Chris Herndon IV,NYJ,TE,42.0,424.1,3.2,1.7,0.0,0.0,0.0,0.0,0.0,0.0,0.0,0.0,79.5
28,Hayden Hurst,ATL,TE,38.5,404.6,2.9,0.1,0.0,0.0,0.0,0.0,0.0,0.0,0.0,0.0,77.2
29,Jordan Akins,HOU,TE,39.7,422.1,2.5,0.1,0.0,0.0,0.0,0.0,0.0,0.0,0.0,0.0,77.0
90,Demarcus Robinson,KC,WR,34.5,411.2,3.2,0.6,0.0,0.0,0.0,0.0,0.0,0.0,0.0,0.0,76.3
89,Rashard Higgins,CLE,WR,29.8,448.4,3.0,0.6,0.0,0.0,0.0,0.0,0.0,0.0,0.0,0.0,76.3
88,James Washington,PIT,WR,32.4,441.6,2.8,0.6,0.0,0.0,0.0,0.0,0.0,0.0,0.0,0.0,76.3
91,D'Wayne Eskridge,SEA,WR,33.0,404.4,3.0,0.2,0.7,3.7,0.0,0.0,0.0,0.0,0.0,0.0,75.3
92,Anthony Miller,CHI,WR,35.6,409.3,2.4,0.3,2.9,15.9,0.1,0.0,0.0,0.0,0.0,0.0,74.7
30,C.J. Uzomah,CIN,TE,36.7,358.0,3.2,0.1,0.0,0.0,0.0,0.0,0.0,0.0,0.0,0.0,73.4
31,Tyler Eifert,JAC,TE,35.6,351.4,3.2,0.0,0.0,0.0,0.0,0.0,0.0,0.0,0.0,0.0,71.9
32,Jack Doyle,IND,TE,34.5,354.9,3.2,0.2,0.0,0.0,0.0,0.0,0.0,0.0,0.0,0.0,71.8
56,Giovani Bernard,TB,RB,31.5,240.4,1.3,0.6,49.6,181.6,1.3,0.0,0.0,0.0,0.0,0.0,71.7
93,Zach Pascal,IND,WR,28.0,385.6,3.1,0.0,0.3,2.0,0.0,0.0,0.0,0.0,0.0,0.0,71.5
94,KJ Hamler,DEN,WR,30.2,360.2,2.4,0.6,10.1,50.0,0.2,0.0,0.0,0.0,0.0,0.0,70.4
95,Jalen Guyton,LAC,WR,27.4,420.7,2.3,0.1,2.0,7.9,0.1,0.0,0.0,0.0,0.0,0.0,70.4
96,Kendrick Bourne,NE,WR,31.5,398.9,2.2,0.1,0.0,0.0,0.0,0.0,0.0,0.0,0.0,0.0,68.8
97,Kadarius Toney,NYG,WR,31.5,375.5,2.0,0.4,4.4,28.2,0.1,0.0,0.0,0.0,0.0,0.0,68.4
57,Damien Williams,CHI,RB,18.4,132.4,1.0,0.6,62.1,259.2,2.5,0.0,0.0,0.0,0.0,0.0,67.9
98,Josh Palmer,LAC,WR,28.9,397.3,2.4,0.6,0.7,3.7,0.0,0.0,0.0,0.0,0.0,0.0,67.7
33,Mo Alie-Cox,IND,TE,33.2,363.0,2.7,0.6,0.0,0.0,0.0,0.0,0.0,0.0,0.0,0.0,67.6
99,Tim Patrick,DEN,WR,29.6,384.8,2.5,0.6,0.0,0.0,0.0,0.0,0.0,0.0,0.0,0.0,67.2
58,Salvon Ahmed,MIA,RB,14.4,95.9,0.5,0.3,79.3,333.8,2.2,0.0,0.0,0.0,0.0,0.0,66.0
59,Justin Jackson,LAC,RB,15.8,112.6,0.4,0.6,77.5,350.4,1.6,0.0,0.0,0.0,0.0,0.0,65.1
34,Will Dissly,SEA,TE,30.3,317.9,3.0,0.1,0.0,0.0,0.0,0.0,0.0,0.0,0.0,0.0,64.6
100,Olamide Zaccheaus,ATL,WR,27.0,394.8,1.9,0.1,0.3,1.4,0.0,0.0,0.0,0.0,0.0,0.0,64.6
35,Donald Parham Jr.,LAC,TE,28.0,340.4,2.5,0.1,0.0,0.0,0.0,0.0,0.0,0.0,0.0,0.0,62.9
101,Marquez Callaway,NO,WR,29.4,356.0,2.1,0.1,0.0,0.0,0.0,0.0,0.0,0.0,0.0,0.0,62.6
60,Wayne Gallman,SF,RB,9.8,75.9,0.4,1.0,71.6,314.9,2.9,0.0,0.0,0.0,0.0,0.0,62.2
61,Ty Johnson,NYJ,RB,18.5,127.8,0.6,0.1,60.9,262.7,1.7,0.0,0.0,0.0,0.0,0.0,62.0
62,Darrynton Evans,TEN,RB,16.8,138.6,1.0,0.7,54.2,234.8,1.9,0.0,0.0,0.0,0.0,0.0,62.0
102,Mohamed Sanu,SF,WR,32.8,339.1,2.0,0.5,1.3,5.7,0.0,0.0,0.0,0.0,0.0,0.0,61.9
103,Nico Collins,HOU,WR,27.5,366.8,1.9,0.2,0.0,0.0,0.0,0.0,0.0,0.0,0.0,0.0,61.6
36,O.J. Howard,TB,TE,27.1,343.1,2.5,0.7,0.0,0.0,0.0,0.0,0.0,0.0,0.0,0.0,61.4
63,Malcolm Brown,MIA,RB,10.0,66.9,0.2,0.6,76.3,295.3,3.4,0.0,0.0,0.0,0.0,0.0,61.2
37,Dan Arnold,CAR,TE,27.7,346.2,2.3,0.7,0.0,0.0,0.0,0.0,0.0,0.0,0.0,0.0,60.9
64,Joshua Kelley,LAC,RB,9.3,67.4,0.2,1.7,98.2,366.7,2.4,0.0,0.0,0.0,0.0,0.0,60.3
104,Preston Williams,MIA,WR,24.5,315.7,2.9,0.6,0.0,0.0,0.0,0.0,0.0,0.0,0.0,0.0,60.2
65,Cordarrelle Patterson,ATL,RB,15.1,134.1,0.7,0.2,55.1,252.2,1.6,0.0,0.0,0.0,0.0,0.0,59.6
38,Tyler Conklin,MIN,TE,29.4,308.5,2.4,0.1,0.0,0.0,0.0,0.0,0.0,0.0,0.0,0.0,59.6
105,Amari Rodgers,GB,WR,26.4,323.4,1.9,0.2,2.7,16.3,0.1,0.0,0.0,0.0,0.0,0.0,58.8
66,Kenneth Gainwell,PHI,RB,14.1,112.9,0.5,1.1,61.8,280.9,1.9,0.0,0.0,0.0,0.0,0.0,58.6
106,Deonte Harris,NO,WR,25.9,291.7,1.5,0.3,8.4,54.2,0.2,0.0,0.0,0.0,0.0,0.0,57.1
67,Marlon Mack,IND,RB,9.2,65.6,0.2,0.6,70.6,299.8,2.5,0.0,0.0,0.0,0.0,0.0,56.0
107,Tyron Johnson,LAC,WR,19.9,312.2,2.1,0.1,2.3,13.0,0.0,0.0,0.0,0.0,0.0,0.0,55.3
108,Keke Coutee,HOU,WR,27.6,324.4,1.7,2.1,0.7,3.7,0.3,0.0,0.0,0.0,0.0,0.0,54.6
68,Kyle Juszczyk,SF,RB,21.9,231.7,2.0,0.7,13.8,52.4,0.7,0.0,0.0,0.0,0.0,0.0,54.1
69,Rex Burkhead,HOU,RB,16.7,158.2,1.3,0.6,35.7,150.4,1.4,0.0,0.0,0.0,0.0,0.0,54.0
39,David Njoku,CLE,TE,24.3,260.9,2.6,0.0,0.0,0.0,0.0,0.0,0.0,0.0,0.0,0.0,53.9
109,Dyami Brown,WAS,WR,22.8,315.2,1.7,0.1,0.0,0.0,0.0,0.0,0.0,0.0,0.0,0.0,53.1
70,Trayveon Williams,CIN,RB,15.9,125.2,0.6,1.6,54.3,234.6,1.5,0.0,0.0,0.0,0.0,0.0,53.0
40,Jimmy Graham,CHI,TE,23.8,249.3,2.7,0.1,0.0,0.0,0.0,0.0,0.0,0.0,0.0,0.0,52.7
38,Davis Mills,HOU,QB,0.0,0.0,0.0,0.8,8.2,34.4,0.4,122.0,76.8,892.1,4.7,3.1,52.6
71,Mark Ingram II,HOU,RB,10.7,89.7,0.7,0.6,58.7,241.8,1.8,0.0,0.0,0.0,0.0,0.0,52.4
72,Chuba Hubbard,CAR,RB,10.7,86.8,0.4,1.1,61.7,261.5,2.0,0.0,0.0,0.0,0.0,0.0,52.3
41,Dalton Schultz,DAL,TE,26.5,275.4,2.1,0.6,0.0,0.0,0.0,0.0,0.0,0.0,0.0,0.0,52.2
110,Quintez Cephus,DET,WR,23.8,316.4,1.5,0.2,0.0,0.0,0.0,0.0,0.0,0.0,0.0,0.0,52.1
111,Byron Pringle,KC,WR,22.7,290.9,2.0,0.2,0.0,0.0,0.0,0.0,0.0,0.0,0.0,0.0,52.0
73,Qadree Ollison,ATL,RB,9.0,71.7,0.2,0.7,67.3,257.9,2.4,0.0,0.0,0.0,0.0,0.0,51.8
112,Richie James Jr.,SF,WR,23.2,357.0,1.4,2.1,0.8,0.0,0.0,0.0,0.0,0.0,0.0,0.0,51.7
74,Devontae Booker,NYG,RB,10.8,71.8,0.2,0.7,68.8,291.5,1.7,0.0,0.0,0.0,0.0,0.0,51.6
113,Bryan Edwards,LV,WR,21.1,294.8,1.8,0.1,0.0,0.0,0.0,0.0,0.0,0.0,0.0,0.0,50.7
114,Travis Fulgham,PHI,WR,22.7,296.2,1.6,0.1,0.0,0.0,0.0,0.0,0.0,0.0,0.0,0.0,50.5
75,Boston Scott,PHI,RB,18.1,144.1,0.5,0.6,40.0,168.6,1.4,0.0,0.0,0.0,0.0,0.0,50.0
42,Jacob Hollister,BUF,TE,27.1,244.5,2.1,0.5,0.0,0.0,0.0,0.0,0.0,0.0,0.0,0.0,49.6
76,DeeJay Dallas,SEA,RB,14.5,107.1,0.7,0.6,46.7,186.3,1.6,0.0,0.0,0.0,0.0,0.0,49.1
115,Geronimo Allison,DET,WR,25.3,276.3,1.4,0.1,0.0,0.0,0.0,0.0,0.0,0.0,0.0,0.0,48.7
116,N'Keal Harry,NE,WR,21.7,257.3,1.8,0.1,1.0,5.7,0.0,0.0,0.0,0.0,0.0,0.0,47.8
43,Nick Boyle,BAL,TE,23.6,219.2,2.1,0.0,0.0,0.0,0.0,0.0,0.0,0.0,0.0,0.0,46.5
117,Adam Humphries,WAS,WR,24.7,266.8,1.3,0.1,0.0,0.0,0.0,0.0,0.0,0.0,0.0,0.0,46.3
118,Tutu Atwell,LAR,WR,21.2,275.7,1.4,0.2,0.0,0.0,0.0,0.0,0.0,0.0,0.0,0.0,45.9
44,Maxx Williams,ARI,TE,21.3,235.3,2.0,0.1,0.0,0.0,0.0,0.0,0.0,0.0,0.0,0.0,45.7
120,Isaiah McKenzie,BUF,WR,18.9,201.4,1.9,0.1,5.7,28.4,0.2,0.0,0.0,0.0,0.0,0.0,45.0
119,Scotty Miller,TB,WR,17.0,245.3,1.8,0.1,1.4,7.7,0.1,0.0,0.0,0.0,0.0,0.0,45.0
121,Auden Tate,CIN,WR,20.5,260.0,1.4,0.1,0.0,0.0,0.0,0.0,0.0,0.0,0.0,0.0,44.5
77,Rhamondre Stevenson,NE,RB,8.6,64.9,0.3,1.0,52.0,227.9,1.8,0.0,0.0,0.0,0.0,0.0,44.2
45,Geoff Swaim,TEN,TE,23.2,216.1,1.8,0.1,0.0,0.0,0.0,0.0,0.0,0.0,0.0,0.0,43.8
46,Kyle Rudolph,NYG,TE,23.1,212.5,1.8,0.1,0.0,0.0,0.0,0.0,0.0,0.0,0.0,0.0,43.4
122,Isaiah Coulter,HOU,WR,17.3,271.5,1.5,1.0,1.0,4.0,0.0,0.0,0.0,0.0,0.0,0.0,43.2
47,Drew Sample,CIN,TE,24.8,232.1,1.4,0.6,0.0,0.0,0.0,0.0,0.0,0.0,0.0,0.0,42.9
78,Mike Boone,DEN,RB,6.6,44.5,0.1,0.6,50.4,238.6,1.8,0.0,0.0,0.0,0.0,0.0,42.4
48,James O'Shaughnessy,JAC,TE,24.5,241.4,1.0,0.1,0.0,0.0,0.0,0.0,0.0,0.0,0.0,0.0,42.4
79,Benny Snell Jr.,PIT,RB,7.0,48.2,0.2,0.7,62.6,232.6,1.8,0.0,0.0,0.0,0.0,0.0,42.2
80,Samaje Perine,CIN,RB,9.1,61.7,0.2,0.1,48.9,207.0,1.4,0.0,0.0,0.0,0.0,0.0,41.0
81,Jeff Wilson Jr.,SF,RB,2.5,29.5,0.5,1.0,45.7,195.3,2.6,0.0,0.0,0.0,0.0,0.0,40.6
123,Greg Ward,PHI,WR,22.1,220.2,1.2,0.2,0.0,0.0,0.0,0.0,0.0,0.0,0.0,0.0,39.9
49,Harrison Bryant,CLE,TE,19.5,207.9,1.9,1.1,0.0,0.0,0.0,0.0,0.0,0.0,0.0,0.0,39.5
50,Cameron Brate,TB,TE,20.5,192.5,1.6,0.0,0.0,0.0,0.0,0.0,0.0,0.0,0.0,0.0,39.0
82,Peyton Barber,WAS,RB,5.0,32.8,0.1,0.6,55.9,198.2,2.1,0.0,0.0,0.0,0.0,0.0,37.7
51,Darren Fells,DET,TE,18.0,188.5,1.6,0.0,0.0,0.0,0.0,0.0,0.0,0.0,0.0,0.0,37.3
83,Matt Breida,BUF,RB,9.6,76.9,0.4,1.1,42.5,184.7,0.9,0.0,0.0,0.0,0.0,0.0,36.8
39,Kyle Allen,WAS,QB,0.0,0.0,0.0,0.0,7.0,26.0,0.0,87.0,54.0,628.0,4.0,3.5,36.7
124,Devin Duvernay,BAL,WR,17.3,190.6,1.3,0.1,1.7,11.7,0.0,0.0,0.0,0.0,0.0,0.0,36.4
125,Donovan Peoples-Jones,CLE,WR,14.4,221.1,1.2,0.5,0.3,1.0,0.0,0.0,0.0,0.0,0.0,0.0,35.5
84,Brandon Bolden,NE,RB,4.9,49.9,0.6,0.0,19.9,100.6,2.3,0.0,0.0,0.0,0.0,0.0,35.0
52,Foster Moreau,LV,TE,13.9,152.2,2.1,0.1,0.0,0.0,0.0,0.0,0.0,0.0,0.0,0.0,34.9
53,Pat Freiermuth,PIT,TE,19.8,179.5,1.3,0.5,0.0,0.0,0.0,0.0,0.0,0.0,0.0,0.0,34.8
85,Carlos Hyde,JAC,RB,5.8,32.9,0.0,0.6,52.0,211.8,1.4,0.0,0.0,0.0,0.0,0.0,34.7
86,Brian Hill,TEN,RB,4.8,35.2,0.1,0.6,45.6,234.3,1.0,0.0,0.0,0.0,0.0,0.0,34.6
87,Jalen Richard,LV,RB,17.2,134.0,0.6,0.1,17.3,75.5,0.2,0.0,0.0,0.0,0.0,0.0,34.1
54,Albert Okwuegbunam,DEN,TE,16.6,174.2,1.4,0.1,0.0,0.0,0.0,0.0,0.0,0.0,0.0,0.0,33.9
55,Adam Shaheen,MIA,TE,16.6,164.6,1.9,1.0,0.0,0.0,0.0,0.0,0.0,0.0,0.0,0.0,33.9
88,Javian Hawkins,ATL,RB,4.6,35.4,0.1,0.2,46.0,189.5,1.5,0.0,0.0,0.0,0.0,0.0,33.9
89,Johnny Stanton,CLE,RB,9.0,71.0,1.0,0.0,20.0,100.0,1.0,0.0,0.0,0.0,0.0,0.0,33.6
56,Hunter Long,MIA,TE,19.1,176.3,1.3,0.5,0.0,0.0,0.0,0.0,0.0,0.0,0.0,0.0,33.6
126,Dez Fitzpatrick,TEN,WR,15.4,200.3,1.0,0.1,0.0,0.0,0.0,0.0,0.0,0.0,0.0,0.0,33.6
127,Andre Roberts,HOU,WR,15.0,195.0,1.0,0.0,0.0,0.0,0.0,0.0,0.0,0.0,0.0,0.0,33.0
57,Ian Thomas,CAR,TE,18.0,159.2,1.3,0.0,0.0,0.0,0.0,0.0,0.0,0.0,0.0,0.0,32.5
128,Collin Johnson,JAC,WR,15.7,192.5,0.7,0.1,0.0,0.0,0.0,0.0,0.0,0.0,0.0,0.0,31.4
58,Ryan Izzo,HOU,TE,12.4,209.9,1.0,1.0,0.0,0.0,0.0,0.0,0.0,0.0,0.0,0.0,31.2
129,Donte Moncrief,HOU,WR,13.7,173.5,1.1,0.0,0.0,0.0,0.0,0.0,0.0,0.0,0.0,0.0,31.0
90,La'Mical Perine,NYJ,RB,6.4,47.2,0.2,0.2,36.6,154.3,1.1,0.0,0.0,0.0,0.0,0.0,30.7
59,Kahale Warring,HOU,TE,15.9,163.7,1.0,0.1,0.0,0.0,0.0,0.0,0.0,0.0,0.0,0.0,30.4
60,Marcedes Lewis,GB,TE,13.0,140.5,1.6,0.0,0.0,0.0,0.0,0.0,0.0,0.0,0.0,0.0,29.8
40,Jacob Eason,IND,QB,0.0,0.0,0.0,0.5,7.2,31.0,0.4,62.6,39.3,436.0,2.8,1.8,29.7
91,Jermar Jefferson,DET,RB,9.4,69.9,0.1,0.1,29.9,122.3,0.9,0.0,0.0,0.0,0.0,0.0,29.5
130,Willie Snead IV,LV,WR,14.5,167.3,0.9,0.1,0.0,0.0,0.0,0.0,0.0,0.0,0.0,0.0,29.1
61,Chris Manhertz,JAC,TE,15.3,153.6,1.0,0.0,0.0,0.0,0.0,0.0,0.0,0.0,0.0,0.0,28.7
131,David Moore,CAR,WR,11.6,160.8,1.0,0.1,1.2,7.8,0.0,0.0,0.0,0.0,0.0,0.0,28.5
92,Elijah Mitchell,SF,RB,5.8,53.0,0.2,0.0,25.1,116.9,1.3,0.0,0.0,0.0,0.0,0.0,28.4
62,Noah Gray,KC,TE,14.4,148.2,1.2,0.5,0.0,0.0,0.0,0.0,0.0,0.0,0.0,0.0,28.0
133,Freddie Swain,SEA,WR,12.4,155.9,1.0,0.1,0.0,0.0,0.0,0.0,0.0,0.0,0.0,0.0,27.8
132,Phillip Dorsett II,JAC,WR,12.9,157.1,1.0,0.0,0.0,0.0,0.0,0.0,0.0,0.0,0.0,0.0,27.8
134,Olabisi Johnson,MIN,WR,12.9,153.9,1.0,0.0,0.0,0.0,0.0,0.0,0.0,0.0,0.0,0.0,27.6
63,Pharaoh Brown,HOU,TE,13.4,143.5,1.1,0.0,0.0,0.0,0.0,0.0,0.0,0.0,0.0,0.0,27.5
64,Jacob Harris,LAR,TE,12.6,156.8,0.9,0.0,0.0,0.0,0.0,0.0,0.0,0.0,0.0,0.0,27.4
135,Cam Sims,WAS,WR,12.1,163.6,0.8,0.0,0.0,0.0,0.0,0.0,0.0,0.0,0.0,0.0,26.9
65,Ryan Griffin,NYJ,TE,13.0,125.4,1.3,0.0,0.0,0.0,0.0,0.0,0.0,0.0,0.0,0.0,26.8
66,Matt Sokol,LAC,TE,13.0,141.0,1.0,0.0,0.0,0.0,0.0,0.0,0.0,0.0,0.0,0.0,26.6
67,Darrell Daniels,ARI,TE,12.7,135.2,1.0,0.1,0.0,0.0,0.0,0.0,0.0,0.0,0.0,0.0,25.6
136,Chad Beebe,MIN,WR,11.5,141.3,0.9,0.1,0.0,0.0,0.0,0.0,0.0,0.0,0.0,0.0,25.3
68,Reggie Gilliam,BUF,TE,11.0,77.0,2.0,0.0,0.0,0.0,0.0,0.0,0.0,0.0,0.0,0.0,25.2
93,Larry Rountree III,LAC,RB,4.6,34.9,0.2,0.1,28.7,120.4,1.1,0.0,0.0,0.0,0.0,0.0,25.2
69,Tyler Kroft,NYJ,TE,11.0,111.6,1.4,0.0,0.0,0.0,0.0,0.0,0.0,0.0,0.0,0.0,24.9
94,Jerick McKinnon,KC,RB,8.5,62.1,0.3,0.1,22.6,99.5,0.5,0.0,0.0,0.0,0.0,0.0,24.8
70,Thaddeus Moss,CIN,TE,13.0,122.0,1.0,0.0,0.0,0.0,0.0,0.0,0.0,0.0,0.0,0.0,24.7
95,Jaylen Samuels,PIT,RB,7.9,52.4,0.3,0.1,24.2,101.4,0.6,0.0,0.0,0.0,0.0,0.0,24.6
137,Lynn Bowden Jr.,MIA,WR,11.6,106.9,0.3,0.1,10.2,49.2,0.2,0.0,0.0,0.0,0.0,0.0,24.2
138,Christian Blake,ATL,WR,12.5,146.0,0.5,0.1,0.0,0.0,0.0,0.0,0.0,0.0,0.0,0.0,23.7
139,Miles Boykin,BAL,WR,9.9,133.0,0.8,0.1,0.8,4.9,0.0,0.0,0.0,0.0,0.0,0.0,23.5
140,KeeSean Johnson,ARI,WR,10.6,121.3,1.0,0.0,0.0,0.0,0.0,0.0,0.0,0.0,0.0,0.0,23.4
141,Ray-Ray McCloud,PIT,WR,11.5,114.0,0.7,0.2,3.0,18.8,0.1,0.0,0.0,0.0,0.0,0.0,23.1
71,Durham Smythe,MIA,TE,13.1,108.2,1.0,0.0,0.0,0.0,0.0,0.0,0.0,0.0,0.0,0.0,23.0
72,Brycen Hopkins,LAR,TE,12.4,126.5,0.7,0.1,0.0,0.0,0.0,0.0,0.0,0.0,0.0,0.0,22.9
73,Nick Vannett,NO,TE,11.0,118.6,0.9,0.1,0.0,0.0,0.0,0.0,0.0,0.0,0.0,0.0,22.8
74,Ross Dwelley,SF,TE,11.3,118.8,0.9,0.0,0.0,0.0,0.0,0.0,0.0,0.0,0.0,0.0,22.6
75,Hunter Bryant,DET,TE,10.4,122.8,0.8,0.0,0.0,0.0,0.0,0.0,0.0,0.0,0.0,0.0,22.4
76,Devin Asiasi,NE,TE,10.4,116.6,1.1,0.5,0.0,0.0,0.0,0.0,0.0,0.0,0.0,0.0,22.3
77,Jace Sternberger,GB,TE,10.5,101.5,1.1,0.0,0.0,0.0,0.0,0.0,0.0,0.0,0.0,0.0,22.2
142,Jalen Hurd,SF,WR,8.0,101.9,0.6,0.1,4.6,28.2,0.2,0.0,0.0,0.0,0.0,0.0,21.7
96,Anthony McFarland Jr.,PIT,RB,5.7,45.2,0.1,0.6,29.8,115.3,0.5,0.0,0.0,0.0,0.0,0.0,21.5
78,Derek Carrier,LV,TE,10.0,92.3,1.2,0.0,0.0,0.0,0.0,0.0,0.0,0.0,0.0,0.0,21.1
97,Ameer Abdullah,MIN,RB,8.0,58.5,0.3,0.1,18.9,76.1,0.3,0.0,0.0,0.0,0.0,0.0,20.7
98,Tony Brooks-James,ATL,RB,0.9,6.3,0.0,0.0,33.0,139.4,0.8,0.0,0.0,0.0,0.0,0.0,20.0
79,Brevin Jordan,HOU,TE,10.4,111.2,0.6,0.0,0.0,0.0,0.0,0.0,0.0,0.0,0.0,0.0,20.0
99,Justice Hill,BAL,RB,5.2,37.2,0.2,0.1,19.4,88.9,0.6,0.0,0.0,0.0,0.0,0.0,19.8
143,Marquise Goodwin,CHI,WR,10.8,112.4,0.5,0.0,0.0,0.0,0.0,0.0,0.0,0.0,0.0,0.0,19.7
80,Stephen Carlson,CLE,TE,8.1,88.5,1.1,0.0,0.0,0.0,0.0,0.0,0.0,0.0,0.0,0.0,19.5
81,Jordan Thomas,IND,TE,8.3,75.5,1.3,0.0,0.0,0.0,0.0,0.0,0.0,0.0,0.0,0.0,19.3
144,Jeff Smith,NYJ,WR,9.6,107.2,0.6,0.0,0.0,0.0,0.0,0.0,0.0,0.0,0.0,0.0,19.2
82,Luke Farrell,JAC,TE,11.5,110.6,0.6,0.5,0.0,0.0,0.0,0.0,0.0,0.0,0.0,0.0,19.1
100,Kerryon Johnson,PHI,RB,3.7,29.6,0.1,0.3,26.1,102.2,0.6,0.0,0.0,0.0,0.0,0.0,18.8
83,Blake Bell,KC,TE,10.0,94.8,0.7,0.0,0.0,0.0,0.0,0.0,0.0,0.0,0.0,0.0,18.8
101,Jeremy McNichols,TEN,RB,4.7,31.6,0.1,0.1,21.8,96.8,0.5,0.0,0.0,0.0,0.0,0.0,18.7
84,Josiah Deguara,GB,TE,9.3,96.1,0.9,0.5,0.0,0.0,0.0,0.0,0.0,0.0,0.0,0.0,18.7
145,Tyler Johnson,TB,WR,8.1,102.7,0.7,0.0,0.0,0.0,0.0,0.0,0.0,0.0,0.0,0.0,18.7
147,Alex Erickson,HOU,WR,9.4,107.3,0.5,0.1,0.0,0.0,0.0,0.0,0.0,0.0,0.0,0.0,18.3
146,Cedrick Wilson,DAL,WR,8.3,108.9,0.6,0.1,0.0,0.0,0.0,0.0,0.0,0.0,0.0,0.0,18.3
102,Travis Homer,SEA,RB,6.0,43.8,0.2,0.2,17.7,75.1,0.4,0.0,0.0,0.0,0.0,0.0,18.2
103,Eno Benjamin,ARI,RB,3.4,27.0,0.1,0.1,23.5,100.4,0.6,0.0,0.0,0.0,0.0,0.0,18.2
148,Jamal Agnew,JAC,WR,6.9,77.3,0.4,0.1,6.1,33.1,0.2,0.0,0.0,0.0,0.0,0.0,18.2
104,Royce Freeman,DEN,RB,4.1,26.0,0.1,0.0,21.8,92.9,0.6,0.0,0.0,0.0,0.0,0.0,18.1
41,James Morgan,NYJ,QB,0.0,0.0,0.0,0.3,1.9,8.3,0.1,47.2,28.7,329.4,1.7,1.3,17.9
105,JaMycal Hasty,SF,RB,2.7,18.7,0.1,0.0,21.4,104.8,0.6,0.0,0.0,0.0,0.0,0.0,17.8
106,Dexter Williams,GB,RB,6.6,49.2,0.3,0.1,12.7,54.2,0.4,0.0,0.0,0.0,0.0,0.0,17.6
149,Cameron Batson,TEN,WR,7.2,80.2,0.6,0.1,2.5,14.9,0.1,0.0,0.0,0.0,0.0,0.0,17.1
150,Chris Moore,HOU,WR,8.3,92.6,0.6,0.0,0.0,0.0,0.0,0.0,0.0,0.0,0.0,0.0,16.7
107,Dontrell Hilliard,HOU,RB,4.9,36.6,0.0,0.0,12.4,45.0,1.0,0.0,0.0,0.0,0.0,0.0,16.6
108,Demetric Felton,CLE,RB,2.5,20.6,0.0,0.0,18.7,89.7,0.7,0.0,0.0,0.0,0.0,0.0,16.6
151,Mike Thomas,CIN,WR,7.5,94.0,0.6,0.1,0.0,0.0,0.0,0.0,0.0,0.0,0.0,0.0,16.5
152,Noah Brown,DAL,WR,7.4,90.8,0.6,0.1,0.0,0.0,0.0,0.0,0.0,0.0,0.0,0.0,16.0
85,John Bates,WAS,TE,9.5,88.2,0.6,0.5,0.0,0.0,0.0,0.0,0.0,0.0,0.0,0.0,15.9
153,Frank Darby,ATL,WR,7.3,92.3,0.5,0.0,0.0,0.0,0.0,0.0,0.0,0.0,0.0,0.0,15.6
109,Lamar Miller,WAS,RB,3.1,25.4,0.1,0.0,14.9,62.4,0.8,0.0,0.0,0.0,0.0,0.0,15.5
154,Equanimeous St. Brown,GB,WR,6.5,88.2,0.6,0.0,0.0,0.0,0.0,0.0,0.0,0.0,0.0,0.0,15.5
155,Andy Isabella,ARI,WR,7.2,90.1,0.5,0.0,0.0,0.0,0.0,0.0,0.0,0.0,0.0,0.0,15.5
110,Josh Adams,NYJ,RB,0.9,5.5,0.0,0.0,16.6,79.0,1.1,0.0,0.0,0.0,0.0,0.0,15.4
112,Ty Montgomery,NO,RB,6.1,47.9,0.2,0.1,14.3,53.9,0.1,0.0,0.0,0.0,0.0,0.0,15.0
111,Raymond Calais,LAR,RB,3.9,31.0,0.1,0.1,13.1,54.4,0.7,0.0,0.0,0.0,0.0,0.0,15.0
113,D'Ernest Johnson,CLE,RB,3.6,27.5,0.1,0.2,18.5,79.4,0.4,0.0,0.0,0.0,0.0,0.0,14.9
156,Anthony Schwartz,CLE,WR,6.8,82.8,0.6,0.0,0.0,0.0,0.0,0.0,0.0,0.0,0.0,0.0,14.9
157,Penny Hart,SEA,WR,6.7,78.3,0.6,0.0,0.7,3.3,0.0,0.0,0.0,0.0,0.0,0.0,14.8
42,Kyle Trask,TB,QB,0.0,0.0,0.0,0.2,1.2,4.6,0.0,31.5,19.5,225.9,1.7,0.6,14.8
158,Juwan Johnson,NO,WR,7.3,97.3,0.2,0.0,0.0,0.0,0.0,0.0,0.0,0.0,0.0,0.0,14.6
43,Jacoby Brissett,MIA,QB,0.0,0.0,0.0,0.3,4.3,14.1,0.2,32.0,20.0,227.9,1.1,0.5,14.4
114,Patrick Ricard,BAL,RB,8.8,58.0,0.8,0.5,1.3,3.0,0.0,0.0,0.0,0.0,0.0,0.0,14.3
86,Tommy Tremble,CAR,TE,8.6,85.3,0.4,0.5,0.0,0.0,0.0,0.0,0.0,0.0,0.0,0.0,14.2
159,DaeSean Hamilton,DEN,WR,7.3,75.0,0.5,0.0,0.0,0.0,0.0,0.0,0.0,0.0,0.0,0.0,14.0
87,Caleb Wilson,PHI,TE,6.8,66.9,0.6,0.0,0.0,0.0,0.0,0.0,0.0,0.0,0.0,0.0,13.7
88,Tommy Sweeney,BUF,TE,6.0,75.7,0.5,0.0,0.0,0.0,0.0,0.0,0.0,0.0,0.0,0.0,13.6
160,Nick Westbrook-Ikhine,TEN,WR,5.8,77.2,0.5,0.0,0.0,0.0,0.0,0.0,0.0,0.0,0.0,0.0,13.5
44,Mason Rudolph,PIT,QB,0.0,0.0,0.0,0.1,2.7,9.0,0.1,32.5,20.1,221.9,1.3,0.8,13.4
161,Devin Funchess,GB,WR,5.6,71.3,0.6,0.0,0.0,0.0,0.0,0.0,0.0,0.0,0.0,0.0,13.4
45,Phillip Walker,CAR,QB,0.0,0.0,0.0,0.5,2.0,6.1,0.1,39.5,25.0,287.8,0.9,1.0,13.3
89,J.P. Holtz,CHI,TE,5.9,73.4,0.5,0.0,0.0,0.0,0.0,0.0,0.0,0.0,0.0,0.0,13.3
90,Tre' McKitty,LAC,TE,7.0,75.3,0.4,0.0,0.0,0.0,0.0,0.0,0.0,0.0,0.0,0.0,13.3
116,Xavier Jones,LAR,RB,2.1,15.7,0.0,0.0,18.8,76.0,0.5,0.0,0.0,0.0,0.0,0.0,13.2
115,Trey Edmunds,PIT,RB,3.9,25.8,0.2,0.0,12.7,55.1,0.3,0.0,0.0,0.0,0.0,0.0,13.2
117,Jordan Howard,PHI,RB,0.4,4.5,0.0,0.0,14.9,64.4,1.0,0.0,0.0,0.0,0.0,0.0,13.1
118,Alec Ingold,LV,RB,6.6,54.7,0.3,0.1,4.5,18.8,0.2,0.0,0.0,0.0,0.0,0.0,13.1
91,Johnny Mundt,LAR,TE,6.3,66.9,0.6,0.0,0.0,0.0,0.0,0.0,0.0,0.0,0.0,0.0,13.1
92,Evan Baylis,KC,TE,6.5,67.5,0.5,0.0,0.0,0.0,0.0,0.0,0.0,0.0,0.0,0.0,13.0
93,Stephen Anderson,LAC,TE,5.9,73.2,0.4,0.0,0.0,0.0,0.0,0.0,0.0,0.0,0.0,0.0,12.9
94,Colby Parkinson,SEA,TE,5.9,61.4,0.6,0.1,0.0,0.0,0.0,0.0,0.0,0.0,0.0,0.0,12.8
119,Kene Nwangwu,MIN,RB,3.0,21.0,0.0,0.0,23.0,91.0,0.0,0.0,0.0,0.0,0.0,0.0,12.7
162,Antonio Gandy-Golden,WAS,WR,5.6,74.1,0.4,0.0,0.0,0.0,0.0,0.0,0.0,0.0,0.0,0.0,12.6
95,Jake Butt,CHI,TE,6.9,60.2,0.5,0.0,0.0,0.0,0.0,0.0,0.0,0.0,0.0,0.0,12.5
120,C.J. Ham,MIN,RB,5.9,50.0,0.3,0.1,4.7,19.9,0.2,0.0,0.0,0.0,0.0,0.0,12.5
121,Jordan Wilkins,IND,RB,1.7,12.3,0.1,0.0,14.7,72.9,0.4,0.0,0.0,0.0,0.0,0.0,12.5
46,Taylor Heinicke,WAS,QB,0.0,0.0,0.0,0.2,3.0,13.0,0.1,29.7,18.9,199.8,1.1,0.8,12.4
96,Temarrick Hemingway,WAS,TE,6.3,63.9,0.5,0.0,0.0,0.0,0.0,0.0,0.0,0.0,0.0,0.0,12.4
122,Ke'Shawn Vaughn,TB,RB,2.4,17.1,0.1,0.0,13.8,58.5,0.4,0.0,0.0,0.0,0.0,0.0,12.1
97,Jeremy Sprinkle,DAL,TE,6.0,62.3,0.5,0.0,0.0,0.0,0.0,0.0,0.0,0.0,0.0,0.0,12.0
98,Troy Fumagalli,NE,TE,6.4,52.5,0.6,0.0,0.0,0.0,0.0,0.0,0.0,0.0,0.0,0.0,12.0
99,Richard Rodgers,PHI,TE,4.9,64.5,0.5,0.0,0.0,0.0,0.0,0.0,0.0,0.0,0.0,0.0,11.8
100,Charlie Woerner,SF,TE,5.4,64.2,0.4,0.0,0.0,0.0,0.0,0.0,0.0,0.0,0.0,0.0,11.7
123,Gary Brightwell,NYG,RB,2.6,18.9,0.0,0.1,16.2,69.4,0.3,0.0,0.0,0.0,0.0,0.0,11.7
101,Matt LaCosse,NE,TE,5.8,55.9,0.5,0.0,0.0,0.0,0.0,0.0,0.0,0.0,0.0,0.0,11.5
163,Steven Sims Jr.,WAS,WR,4.8,61.0,0.3,0.0,1.1,7.0,0.0,0.0,0.0,0.0,0.0,0.0,11.5
164,John Ross,NYG,WR,4.3,56.4,0.5,0.1,0.7,3.9,0.0,0.0,0.0,0.0,0.0,0.0,11.3
102,Jaeden Graham,ATL,TE,5.3,65.6,0.3,0.0,0.0,0.0,0.0,0.0,0.0,0.0,0.0,0.0,11.1
47,Tim Boyle,DET,QB,0.0,0.0,0.0,0.0,2.7,3.3,0.0,26.3,16.3,181.3,1.0,0.3,10.9
124,Theo Riddick,LV,RB,5.4,42.3,0.1,0.1,7.3,30.9,0.1,0.0,0.0,0.0,0.0,0.0,10.9
125,J.J. Taylor,NE,RB,1.9,14.7,0.0,0.0,13.6,59.2,0.4,0.0,0.0,0.0,0.0,0.0,10.9
48,Kellen Mond,MIN,QB,0.0,0.0,0.0,0.1,1.7,7.8,0.1,21.0,13.3,153.2,1.1,0.4,10.8
103,Deon Yelder,WAS,TE,5.8,50.9,0.5,0.0,0.0,0.0,0.0,0.0,0.0,0.0,0.0,0.0,10.8
165,Javon Wims,CHI,WR,5.2,70.9,0.2,0.0,0.0,0.0,0.0,0.0,0.0,0.0,0.0,0.0,10.6
126,Kylin Hill,GB,RB,1.5,11.0,0.0,0.0,20.0,80.6,0.1,0.0,0.0,0.0,0.0,0.0,10.5
166,Tajae Sharpe,ATL,WR,4.6,58.6,0.4,0.0,0.0,0.0,0.0,0.0,0.0,0.0,0.0,0.0,10.3
167,Albert Wilson,MIA,WR,4.8,48.5,0.3,0.0,1.6,8.8,0.0,0.0,0.0,0.0,0.0,0.0,10.2
168,Victor Bolden Jr.,DET,WR,5.2,56.2,0.3,0.0,0.0,0.0,0.0,0.0,0.0,0.0,0.0,0.0,10.2
104,Ben Ellefson,JAC,TE,5.1,54.7,0.4,0.0,0.0,0.0,0.0,0.0,0.0,0.0,0.0,0.0,10.1
127,Alex Armah,NO,RB,4.5,36.3,0.2,0.1,4.4,18.5,0.2,0.0,0.0,0.0,0.0,0.0,9.9
169,Kalif Raymond,DET,WR,4.9,64.9,0.1,0.0,0.0,0.0,0.0,0.0,0.0,0.0,0.0,0.0,9.8
129,Chris Evans,CIN,RB,2.3,17.0,0.1,0.1,14.9,57.3,0.1,0.0,0.0,0.0,0.0,0.0,9.7
128,Reggie Bonnafon,CAR,RB,3.4,25.2,0.0,0.1,12.0,45.5,0.1,0.0,0.0,0.0,0.0,0.0,9.7
49,Marcus Mariota,LV,QB,0.0,0.0,0.0,0.1,3.4,17.8,0.0,21.4,13.3,152.3,0.8,0.7,9.6
50,Sam Ehlinger,IND,QB,0.0,0.0,0.0,0.0,1.0,4.0,0.0,18.0,12.0,128.0,1.0,0.0,9.5
51,Mitchell Trubisky,BUF,QB,0.0,0.0,0.0,0.1,3.6,15.2,0.1,18.3,12.1,134.9,0.9,0.7,9.3
170,Malik Taylor,GB,WR,4.3,50.1,0.3,0.0,0.0,0.0,0.0,0.0,0.0,0.0,0.0,0.0,9.2
171,Ihmir Smith-Marsette,MIN,WR,4.6,60.9,0.1,0.0,0.0,0.0,0.0,0.0,0.0,0.0,0.0,0.0,9.1
130,Andrew Beck,DEN,RB,4.1,28.0,0.2,0.0,4.9,21.2,0.2,0.0,0.0,0.0,0.0,0.0,9.0
52,Chad Henne,KC,QB,0.0,0.0,0.0,0.1,1.3,5.8,0.0,21.3,13.3,153.1,0.7,0.2,9.0
172,Diontae Spencer,DEN,WR,3.6,40.0,0.2,0.0,2.4,13.6,0.1,0.0,0.0,0.0,0.0,0.0,8.9
105,Kylen Granson,IND,TE,5.2,56.1,0.1,0.0,0.0,0.0,0.0,0.0,0.0,0.0,0.0,0.0,8.9
173,Cornell Powell,KC,WR,3.8,48.7,0.3,0.0,0.0,0.0,0.0,0.0,0.0,0.0,0.0,0.0,8.7
175,Justin Watson,TB,WR,4.1,44.4,0.3,0.0,0.0,0.0,0.0,0.0,0.0,0.0,0.0,0.0,8.6
106,Ricky Seals-Jones,WAS,TE,3.8,47.0,0.3,0.0,0.0,0.0,0.0,0.0,0.0,0.0,0.0,0.0,8.6
174,Jaelon Darden,TB,WR,4.2,48.0,0.3,0.0,0.0,0.0,0.0,0.0,0.0,0.0,0.0,0.0,8.6
131,Rico Dowdle,DAL,RB,2.8,22.0,0.1,0.1,7.2,30.7,0.2,0.0,0.0,0.0,0.0,0.0,8.5
132,Buddy Howell,HOU,RB,4.1,28.2,0.2,0.0,4.0,17.1,0.2,0.0,0.0,0.0,0.0,0.0,8.5
53,Trace McSorley,BAL,QB,0.0,0.0,0.0,0.1,3.3,14.4,0.1,18.0,11.1,124.9,0.7,0.5,8.5
107,Josh Oliver,BAL,TE,4.0,41.6,0.4,0.0,0.0,0.0,0.0,0.0,0.0,0.0,0.0,0.0,8.5
177,Isaac Whitney,ARI,WR,4.1,47.0,0.3,0.0,0.0,0.0,0.0,0.0,0.0,0.0,0.0,0.0,8.4
176,Isaiah Hodgins,BUF,WR,3.7,46.8,0.3,0.0,0.0,0.0,0.0,0.0,0.0,0.0,0.0,0.0,8.4
56,Joe Flacco,PHI,QB,0.0,0.0,0.0,0.6,1.2,5.8,0.0,26.0,16.3,174.0,0.8,0.7,8.3
178,Greg Dortch,ATL,WR,4.1,46.9,0.3,0.0,0.0,0.0,0.0,0.0,0.0,0.0,0.0,0.0,8.3
179,Lil'Jordan Humphrey,NO,WR,3.6,47.2,0.3,0.0,0.0,0.0,0.0,0.0,0.0,0.0,0.0,0.0,8.3
133,Ryquell Armstead,NYG,RB,2.2,16.2,0.2,0.0,8.3,35.2,0.2,0.0,0.0,0.0,0.0,0.0,8.3
108,Ross Travis,ARI,TE,3.9,42.6,0.4,0.0,0.0,0.0,0.0,0.0,0.0,0.0,0.0,0.0,8.3
54,Gardner Minshew II,JAC,QB,0.0,0.0,0.0,0.1,2.1,10.1,0.0,19.6,13.0,136.7,0.7,0.5,8.3
55,John Wolford,LAR,QB,0.0,0.0,0.0,0.1,2.0,9.3,0.0,21.5,13.6,149.7,0.6,0.4,8.3
134,Nick Bellore,SEA,RB,4.4,32.0,0.3,0.0,1.6,6.6,0.0,0.0,0.0,0.0,0.0,0.0,8.1
181,J.J. Nelson,IND,WR,3.0,46.3,0.3,0.0,0.0,0.0,0.0,0.0,0.0,0.0,0.0,0.0,8.1
109,Noah Togiai,IND,TE,3.9,42.9,0.3,0.1,0.0,0.0,0.0,0.0,0.0,0.0,0.0,0.0,8.1
180,Marcus Johnson,TEN,WR,3.6,43.7,0.3,0.0,0.0,0.0,0.0,0.0,0.0,0.0,0.0,0.0,8.1
110,Nick Keizer,KC,TE,4.2,44.5,0.2,0.0,0.0,0.0,0.0,0.0,0.0,0.0,0.0,0.0,7.9
57,Garrett Gilbert,DAL,QB,0.0,0.0,0.0,0.1,1.5,6.2,0.0,20.2,12.5,141.3,0.6,0.4,7.8
135,Khalil Herbert,CHI,RB,2.0,16.3,0.1,0.0,8.3,34.4,0.2,0.0,0.0,0.0,0.0,0.0,7.8
58,Geno Smith,SEA,QB,0.0,0.0,0.0,0.2,1.3,2.5,0.0,17.4,11.0,122.0,0.9,0.3,7.7
182,Chester Rogers,TEN,WR,3.9,38.2,0.3,0.0,0.0,0.0,0.0,0.0,0.0,0.0,0.0,0.0,7.7
59,Brandon Allen,CIN,QB,0.0,0.0,0.0,0.1,1.3,5.1,0.0,20.9,13.2,144.1,0.6,0.5,7.6
183,Jakeem Grant Sr.,MIA,WR,3.2,35.2,0.2,0.0,1.5,8.4,0.0,0.0,0.0,0.0,0.0,0.0,7.5
184,Trent Taylor,CIN,WR,4.0,40.1,0.2,0.0,0.0,0.0,0.0,0.0,0.0,0.0,0.0,0.0,7.4
136,Gabe Nabers,LAC,RB,3.2,25.1,0.2,0.1,3.3,14.4,0.1,0.0,0.0,0.0,0.0,0.0,7.4
60,Jordan Love,GB,QB,0.0,0.0,0.0,0.1,0.7,3.1,0.0,15.6,9.6,108.8,0.9,0.3,7.3
137,Michael Warren II,DET,RB,2.3,16.7,0.1,0.0,7.7,31.4,0.2,0.0,0.0,0.0,0.0,0.0,7.3
185,Zay Jones,LV,WR,3.3,37.4,0.3,0.0,0.0,0.0,0.0,0.0,0.0,0.0,0.0,0.0,7.2
61,Ian Book,NO,QB,0.0,0.0,0.0,0.0,1.0,4.0,0.0,17.0,12.0,121.0,1.0,1.0,7.2
63,David Blough,DET,QB,0.0,0.0,0.0,0.1,1.7,6.6,0.0,18.6,11.3,125.2,0.7,0.6,7.2
62,Chase Daniel,LAC,QB,0.0,0.0,0.0,0.1,1.5,5.8,0.0,18.5,11.6,132.1,0.6,0.5,7.2
111,Alize Mack,DET,TE,4.0,39.3,0.2,0.0,0.0,0.0,0.0,0.0,0.0,0.0,0.0,0.0,7.1
186,Dazz Newsome,CHI,WR,3.3,42.6,0.2,0.0,0.0,0.0,0.0,0.0,0.0,0.0,0.0,0.0,7.1
187,Gunner Olszewski,NE,WR,2.8,33.6,0.2,0.0,1.8,9.8,0.1,0.0,0.0,0.0,0.0,0.0,7.1
138,Keith Smith,ATL,RB,3.4,26.1,0.2,0.1,3.2,13.7,0.1,0.0,0.0,0.0,0.0,0.0,7.1
188,Tylan Wallace,BAL,WR,3.0,38.7,0.3,0.0,0.0,0.0,0.0,0.0,0.0,0.0,0.0,0.0,7.0
139,Andy Janovich,CLE,RB,4.0,33.2,0.2,0.0,1.2,5.3,0.0,0.0,0.0,0.0,0.0,0.0,7.0
112,Mason Schreck,CIN,TE,3.5,36.5,0.3,0.0,0.0,0.0,0.0,0.0,0.0,0.0,0.0,0.0,6.9
113,Jared Pinkney,TEN,TE,3.4,33.6,0.3,0.0,0.0,0.0,0.0,0.0,0.0,0.0,0.0,0.0,6.8
64,Logan Woodside,TEN,QB,0.0,0.0,0.0,0.1,2.0,5.4,0.0,12.8,7.9,90.5,0.8,0.3,6.7
65,Chris Streveler,ARI,QB,0.0,0.0,0.0,0.2,1.6,6.7,0.1,15.9,9.4,106.2,0.6,0.5,6.5
189,Quez Watkins,PHI,WR,2.9,38.4,0.2,0.0,0.0,0.0,0.0,0.0,0.0,0.0,0.0,0.0,6.3
67,Blaine Gabbert,TB,QB,0.0,0.0,0.0,0.0,1.3,5.3,0.0,16.0,9.7,110.0,0.3,0.0,6.3
66,Tyler Huntley,BAL,QB,0.0,0.0,0.0,0.0,3.0,16.0,0.0,9.5,6.0,67.5,0.5,0.0,6.3
190,Keith Kirkwood,CAR,WR,3.0,38.3,0.2,0.0,0.0,0.0,0.0,0.0,0.0,0.0,0.0,0.0,6.2
68,AJ McCarron,ATL,QB,0.0,0.0,0.0,0.2,0.5,2.2,0.0,15.5,9.8,111.5,0.6,0.4,6.2
69,Mike Glennon,NYG,QB,0.0,0.0,0.0,0.6,1.2,5.6,0.0,18.6,11.7,125.2,0.6,0.4,5.8
140,Ben Mason,BAL,RB,3.5,27.7,0.2,0.0,0.0,0.0,0.0,0.0,0.0,0.0,0.0,0.0,5.8
114,Zach Gentry,PIT,TE,2.7,28.5,0.2,0.0,0.0,0.0,0.0,0.0,0.0,0.0,0.0,0.0,5.5
191,Gehrig Dieter,KC,WR,2.4,31.2,0.2,0.0,0.0,0.0,0.0,0.0,0.0,0.0,0.0,0.0,5.4
70,Colt McCoy,ARI,QB,0.0,0.0,0.0,0.0,1.5,8.0,0.0,12.0,8.0,84.0,0.5,0.5,5.2
141,Patrick Laird,MIA,RB,2.7,19.8,0.1,0.0,2.8,11.6,0.1,0.0,0.0,0.0,0.0,0.0,5.2
142,Derek Watt,PIT,RB,1.7,12.2,0.1,0.0,4.2,17.9,0.1,0.0,0.0,0.0,0.0,0.0,5.2
193,J.J. Arcega-Whiteside,PHI,WR,2.2,31.0,0.2,0.0,0.0,0.0,0.0,0.0,0.0,0.0,0.0,0.0,5.1
143,Alex Collins,SEA,RB,1.4,10.6,0.0,0.1,4.8,20.2,0.2,0.0,0.0,0.0,0.0,0.0,5.1
192,Damiere Byrd,CHI,WR,2.4,29.9,0.2,0.0,0.0,0.0,0.0,0.0,0.0,0.0,0.0,0.0,5.1
115,Dominique Dafney,GB,TE,2.4,25.8,0.2,0.0,0.0,0.0,0.0,0.0,0.0,0.0,0.0,0.0,5.0
71,Dwayne Haskins,PIT,QB,0.0,0.0,0.0,0.0,1.5,5.0,0.0,13.5,8.5,84.5,0.5,0.5,4.9
144,Darwin Thompson,KC,RB,1.7,12.3,0.1,0.0,3.9,16.5,0.2,0.0,0.0,0.0,0.0,0.0,4.9
116,Garrett Griffin,NO,TE,2.3,25.8,0.2,0.0,0.0,0.0,0.0,0.0,0.0,0.0,0.0,0.0,4.8
194,Nsimba Webster,LAR,WR,2.3,28.8,0.1,0.0,0.0,0.0,0.0,0.0,0.0,0.0,0.0,0.0,4.8
145,Michael Burton,KC,RB,1.9,14.8,0.1,0.0,3.3,13.9,0.1,0.0,0.0,0.0,0.0,0.0,4.8
146,Dwayne Washington,NO,RB,1.5,11.6,0.0,0.0,4.7,20.0,0.1,0.0,0.0,0.0,0.0,0.0,4.7
195,Travis Benjamin,SF,WR,1.9,27.0,0.2,0.0,0.0,0.0,0.0,0.0,0.0,0.0,0.0,0.0,4.7
147,Antonio Williams,BUF,RB,0.4,3.2,0.0,0.0,6.4,27.5,0.2,0.0,0.0,0.0,0.0,0.0,4.5
196,Jaydon Mickens,TB,WR,2.0,24.6,0.2,0.0,0.0,0.0,0.0,0.0,0.0,0.0,0.0,0.0,4.5
73,Case Keenum,CLE,QB,0.0,0.0,0.0,0.6,0.9,3.6,0.0,13.0,8.1,92.9,0.6,0.4,4.5
117,Brandon Dillon,MIN,TE,2.2,23.8,0.2,0.0,0.0,0.0,0.0,0.0,0.0,0.0,0.0,0.0,4.5
72,Jarrett Stidham,NE,QB,0.0,0.0,0.0,0.0,2.5,5.0,0.0,10.5,7.0,76.0,0.5,0.5,4.5
118,Jesper Horsted,CHI,TE,2.3,24.3,0.1,0.0,0.0,0.0,0.0,0.0,0.0,0.0,0.0,0.0,4.4
197,Terry Godwin,JAC,WR,2.0,22.5,0.2,0.0,0.0,0.0,0.0,0.0,0.0,0.0,0.0,0.0,4.3
119,Cethan Carter,MIA,TE,2.5,24.2,0.1,0.0,0.0,0.0,0.0,0.0,0.0,0.0,0.0,0.0,4.3
198,Simi Fehoko,DAL,WR,1.9,24.3,0.2,0.0,0.0,0.0,0.0,0.0,0.0,0.0,0.0,0.0,4.2
120,Eric Saubert,DEN,TE,2.3,22.6,0.1,0.0,0.0,0.0,0.0,0.0,0.0,0.0,0.0,0.0,4.2
121,Kaden Smith,NYG,TE,2.5,22.0,0.1,0.0,0.0,0.0,0.0,0.0,0.0,0.0,0.0,0.0,4.2
199,Brandon Powell,BUF,WR,2.0,22.2,0.2,0.0,0.0,0.0,0.0,0.0,0.0,0.0,0.0,0.0,4.2
200,K.J. Osborn,MIN,WR,1.9,24.7,0.1,0.0,0.0,0.0,0.0,0.0,0.0,0.0,0.0,0.0,4.2
201,Jalen Camp,JAC,WR,1.8,23.0,0.1,0.0,0.0,0.0,0.0,0.0,0.0,0.0,0.0,0.0,3.9
148,Khari Blasingame,TEN,RB,2.3,19.5,0.1,0.0,0.5,2.1,0.0,0.0,0.0,0.0,0.0,0.0,3.8
203,K.J. Hill Jr.,LAC,WR,1.4,16.7,0.1,0.0,1.0,6.3,0.0,0.0,0.0,0.0,0.0,0.0,3.7
202,Braxton Berrios,NYJ,WR,1.5,17.4,0.1,0.0,1.0,5.8,0.0,0.0,0.0,0.0,0.0,0.0,3.7
204,Malcolm Perry,MIA,WR,1.2,11.7,0.1,0.0,1.8,9.4,0.1,0.0,0.0,0.0,0.0,0.0,3.5
207,Seth Williams,DEN,WR,1.7,20.2,0.1,0.0,0.0,0.0,0.0,0.0,0.0,0.0,0.0,0.0,3.5
149,Elijhaa Penny,NYG,RB,1.5,10.9,0.0,0.0,2.5,10.3,0.1,0.0,0.0,0.0,0.0,0.0,3.5
206,Kendall Hinton,DEN,WR,1.4,15.6,0.1,0.0,1.2,6.4,0.0,0.0,0.0,0.0,0.0,0.0,3.5
205,Allen Hurns,MIA,WR,1.6,16.8,0.2,0.0,0.0,0.0,0.0,0.0,0.0,0.0,0.0,0.0,3.5
208,Shi Smith,CAR,WR,1.7,20.7,0.1,0.0,0.0,0.0,0.0,0.0,0.0,0.0,0.0,0.0,3.4
151,Corey Clement,NYG,RB,0.5,3.6,0.0,0.0,4.2,17.5,0.2,0.0,0.0,0.0,0.0,0.0,3.3
150,Jakob Johnson,NE,RB,2.2,18.7,0.1,0.0,0.0,0.0,0.0,0.0,0.0,0.0,0.0,0.0,3.3
209,Ashton Dulin,IND,WR,1.2,15.0,0.1,0.0,1.2,6.2,0.0,0.0,0.0,0.0,0.0,0.0,3.3
122,Tanner Hudson,TB,TE,1.5,15.7,0.1,0.0,0.0,0.0,0.0,0.0,0.0,0.0,0.0,0.0,3.2
123,Lee Smith,ATL,TE,1.5,14.3,0.1,0.0,0.0,0.0,0.0,0.0,0.0,0.0,0.0,0.0,2.8
152,Dare Ogunbowale,JAC,RB,1.4,9.4,0.0,0.0,2.1,8.8,0.0,0.0,0.0,0.0,0.0,0.0,2.5
124,Trevon Wesco,NYJ,TE,1.4,14.3,0.1,0.0,0.0,0.0,0.0,0.0,0.0,0.0,0.0,0.0,2.5
210,Trent Sherfield,SF,WR,1.1,14.8,0.1,0.0,0.0,0.0,0.0,0.0,0.0,0.0,0.0,0.0,2.4
74,Nick Mullens,PHI,QB,0.0,0.0,0.0,1.0,2.0,4.0,0.0,12.0,6.5,70.5,0.5,0.5,2.2
125,Eric Tomlinson,BAL,TE,1.2,11.7,0.1,0.0,0.0,0.0,0.0,0.0,0.0,0.0,0.0,0.0,2.2
153,Jonathan Williams,WAS,RB,0.9,7.0,0.0,0.0,2.3,9.8,0.0,0.0,0.0,0.0,0.0,0.0,2.1
154,Devine Ozigbo,JAC,RB,0.4,3.1,0.0,0.0,2.7,11.8,0.1,0.0,0.0,0.0,0.0,0.0,2.0
155,Kalen Ballage,PIT,RB,1.0,5.7,0.0,0.0,2.1,8.5,0.0,0.0,0.0,0.0,0.0,0.0,1.9
211,Malik Turner,DAL,WR,1.0,13.5,0.0,0.0,0.0,0.0,0.0,0.0,0.0,0.0,0.0,0.0,1.9
126,Codey McElroy,TB,TE,0.9,8.5,0.1,0.0,0.0,0.0,0.0,0.0,0.0,0.0,0.0,0.0,1.8
212,Joe Reed,LAC,WR,0.8,9.4,0.0,0.0,0.9,4.8,0.0,0.0,0.0,0.0,0.0,0.0,1.8
213,Trey Quinn,LV,WR,1.2,12.3,0.0,0.0,0.0,0.0,0.0,0.0,0.0,0.0,0.0,0.0,1.8
214,Matt Cole,NYJ,WR,0.9,9.5,0.0,0.0,0.9,4.3,0.0,0.0,0.0,0.0,0.0,0.0,1.8
127,Isaac Nauta,GB,TE,0.8,8.4,0.1,0.0,0.0,0.0,0.0,0.0,0.0,0.0,0.0,0.0,1.7
215,Damion Ratley,DET,WR,1.0,11.5,0.0,0.0,0.0,0.0,0.0,0.0,0.0,0.0,0.0,0.0,1.7
128,Kevin Rader,PIT,TE,0.9,8.7,0.0,0.0,0.0,0.0,0.0,0.0,0.0,0.0,0.0,0.0,1.6
216,Antonio Callaway,KC,WR,0.9,11.1,0.0,0.0,0.0,0.0,0.0,0.0,0.0,0.0,0.0,0.0,1.6
156,Taiwan Jones,BUF,RB,0.9,7.2,0.0,0.0,1.1,4.7,0.0,0.0,0.0,0.0,0.0,0.0,1.6
158,Elijah McGuire,KC,RB,0.9,7.2,0.0,0.0,0.9,3.5,0.0,0.0,0.0,0.0,0.0,0.0,1.5
157,C.J. Prosise,TB,RB,1.0,7.0,0.0,0.0,0.9,3.6,0.0,0.0,0.0,0.0,0.0,0.0,1.5
129,Sean McKeon,DAL,TE,0.9,9.7,0.0,0.0,0.0,0.0,0.0,0.0,0.0,0.0,0.0,0.0,1.5
218,DeAndre Carter,WAS,WR,0.9,10.4,0.0,0.0,0.0,0.0,0.0,0.0,0.0,0.0,0.0,0.0,1.5
217,Kelvin Harmon,WAS,WR,0.8,10.5,0.0,0.0,0.0,0.0,0.0,0.0,0.0,0.0,0.0,0.0,1.5
131,Tyrone Swoopes,WAS,TE,0.9,9.6,0.0,0.0,0.0,0.0,0.0,0.0,0.0,0.0,0.0,0.0,1.4
130,Daniel Brown,NYJ,TE,0.9,8.5,0.0,0.0,0.0,0.0,0.0,0.0,0.0,0.0,0.0,0.0,1.4
219,Vyncint Smith,NYJ,WR,0.9,10.1,0.0,0.0,0.0,0.0,0.0,0.0,0.0,0.0,0.0,0.0,1.4
224,Josh Malone,NYJ,WR,0.9,9.4,0.0,0.0,0.0,0.0,0.0,0.0,0.0,0.0,0.0,0.0,1.4
220,Marcus Kemp,KC,WR,0.9,9.6,0.0,0.0,0.0,0.0,0.0,0.0,0.0,0.0,0.0,0.0,1.4
226,Chris Rowland,ATL,WR,0.9,9.3,0.0,0.0,0.0,0.0,0.0,0.0,0.0,0.0,0.0,0.0,1.4
225,Jeff Badet,ATL,WR,0.9,9.3,0.0,0.0,0.0,0.0,0.0,0.0,0.0,0.0,0.0,0.0,1.4
227,Tanner Gentry,BUF,WR,0.8,9.3,0.0,0.0,0.0,0.0,0.0,0.0,0.0,0.0,0.0,0.0,1.4
223,Jason Moore,LAC,WR,0.8,9.6,0.0,0.0,0.0,0.0,0.0,0.0,0.0,0.0,0.0,0.0,1.4
221,Isaiah Wright,WAS,WR,0.9,9.5,0.0,0.0,0.0,0.0,0.0,0.0,0.0,0.0,0.0,0.0,1.4
168,Scottie Phillips,HOU,RB,0.9,5.9,0.0,0.0,0.8,3.5,0.0,0.0,0.0,0.0,0.0,0.0,1.4
163,Jason Huntley,PHI,RB,0.9,6.0,0.0,0.0,0.9,3.9,0.0,0.0,0.0,0.0,0.0,0.0,1.4
159,Ryan Nall,CHI,RB,0.9,6.5,0.0,0.0,0.9,3.7,0.0,0.0,0.0,0.0,0.0,0.0,1.4
161,Jason Cabinda,DET,RB,0.9,6.1,0.0,0.0,0.8,3.5,0.0,0.0,0.0,0.0,0.0,0.0,1.4
162,Adrian Killins Jr.,PHI,RB,0.9,6.0,0.0,0.0,0.9,3.9,0.0,0.0,0.0,0.0,0.0,0.0,1.4
160,Artavis Pierce,CHI,RB,0.9,6.3,0.0,0.0,0.9,3.8,0.0,0.0,0.0,0.0,0.0,0.0,1.4
164,Austin Walter,NYJ,RB,0.9,6.3,0.0,0.0,0.9,3.6,0.0,0.0,0.0,0.0,0.0,0.0,1.4
165,LeVante Bellamy,DEN,RB,0.9,5.5,0.0,0.0,1.0,4.4,0.0,0.0,0.0,0.0,0.0,0.0,1.4
166,Nathan Cottrell,JAC,RB,0.9,6.2,0.0,0.0,0.9,3.6,0.0,0.0,0.0,0.0,0.0,0.0,1.4
167,Damarea Crockett,DEN,RB,0.9,5.5,0.0,0.0,1.0,4.2,0.0,0.0,0.0,0.0,0.0,0.0,1.4
222,Darrius Shepherd,KC,WR,0.9,9.5,0.0,0.0,0.0,0.0,0.0,0.0,0.0,0.0,0.0,0.0,1.4
229,Keelan Doss,LV,WR,0.8,9.3,0.0,0.0,0.0,0.0,0.0,0.0,0.0,0.0,0.0,0.0,1.3
169,Jordan Scarlett,MIA,RB,0.9,5.3,0.0,0.0,0.9,3.9,0.0,0.0,0.0,0.0,0.0,0.0,1.3
170,Taquan Mizzell,NYG,RB,0.9,5.4,0.0,0.0,0.9,3.7,0.0,0.0,0.0,0.0,0.0,0.0,1.3
171,Trenton Cannon,CAR,RB,0.8,5.0,0.0,0.0,1.0,4.0,0.0,0.0,0.0,0.0,0.0,0.0,1.3
132,MyCole Pruitt,SF,TE,0.9,8.5,0.0,0.0,0.0,0.0,0.0,0.0,0.0,0.0,0.0,0.0,1.3
133,Jordan Franks,CLE,TE,0.8,8.2,0.0,0.0,0.0,0.0,0.0,0.0,0.0,0.0,0.0,0.0,1.3
134,Tim Tebow,JAC,TE,0.9,8.4,0.0,0.0,0.0,0.0,0.0,0.0,0.0,0.0,0.0,0.0,1.3
172,Cullen Gillaspia,NYG,RB,0.9,5.2,0.0,0.0,0.9,3.7,0.0,0.0,0.0,0.0,0.0,0.0,1.3
228,Chad Hansen,DET,WR,0.9,9.2,0.0,0.0,0.0,0.0,0.0,0.0,0.0,0.0,0.0,0.0,1.3
238,Stanley Morgan Jr.,CIN,WR,0.8,9.0,0.0,0.0,0.0,0.0,0.0,0.0,0.0,0.0,0.0,0.0,1.3
231,Riley Ridley,CHI,WR,0.8,9.2,0.0,0.0,0.0,0.0,0.0,0.0,0.0,0.0,0.0,0.0,1.3
232,Cyril Grayson Jr.,TB,WR,0.9,9.0,0.0,0.0,0.0,0.0,0.0,0.0,0.0,0.0,0.0,0.0,1.3
233,Lawrence Cager,NYJ,WR,0.8,9.0,0.0,0.0,0.0,0.0,0.0,0.0,0.0,0.0,0.0,0.0,1.3
234,John Ursua,SEA,WR,0.8,9.0,0.0,0.0,0.0,0.0,0.0,0.0,0.0,0.0,0.0,0.0,1.3
235,Chad Williams,KC,WR,0.8,8.8,0.0,0.0,0.0,0.0,0.0,0.0,0.0,0.0,0.0,0.0,1.3
230,Trenton Irwin,CIN,WR,0.8,9.2,0.0,0.0,0.0,0.0,0.0,0.0,0.0,0.0,0.0,0.0,1.3
237,Darvin Kidsy,SEA,WR,0.8,8.9,0.0,0.0,0.0,0.0,0.0,0.0,0.0,0.0,0.0,0.0,1.3
239,Jake Lampman,NO,WR,0.7,9.4,0.0,0.0,0.0,0.0,0.0,0.0,0.0,0.0,0.0,0.0,1.3
240,Marcell Ateman,LV,WR,0.7,9.1,0.0,0.0,0.0,0.0,0.0,0.0,0.0,0.0,0.0,0.0,1.3
241,Mack Hollins,MIA,WR,0.9,8.4,0.0,0.0,0.0,0.0,0.0,0.0,0.0,0.0,0.0,0.0,1.3
236,John Hightower,PHI,WR,0.7,9.6,0.0,0.0,0.0,0.0,0.0,0.0,0.0,0.0,0.0,0.0,1.3
242,Laquon Treadwell,JAC,WR,0.8,8.4,0.0,0.0,0.0,0.0,0.0,0.0,0.0,0.0,0.0,0.0,1.3
243,KhaDarel Hodge,CLE,WR,0.7,9.0,0.0,0.0,0.0,0.0,0.0,0.0,0.0,0.0,0.0,0.0,1.3
256,Fred Brown,TEN,WR,0.7,8.0,0.0,0.0,0.0,0.0,0.0,0.0,0.0,0.0,0.0,0.0,1.2
255,Cody Hollister,TEN,WR,0.7,8.0,0.0,0.0,0.0,0.0,0.0,0.0,0.0,0.0,0.0,0.0,1.2
246,Alexander Hollins,CLE,WR,0.7,8.7,0.0,0.0,0.0,0.0,0.0,0.0,0.0,0.0,0.0,0.0,1.2
253,Kevin White,SF,WR,0.7,8.3,0.0,0.0,0.0,0.0,0.0,0.0,0.0,0.0,0.0,0.0,1.2
254,Rashard Davis,TEN,WR,0.7,8.1,0.0,0.0,0.0,0.0,0.0,0.0,0.0,0.0,0.0,0.0,1.2
252,Dante Pettis,NYG,WR,0.7,8.5,0.0,0.0,0.0,0.0,0.0,0.0,0.0,0.0,0.0,0.0,1.2
247,Marvin Hall,NE,WR,0.7,8.9,0.0,0.0,0.0,0.0,0.0,0.0,0.0,0.0,0.0,0.0,1.2
137,Jason Croom,PHI,TE,0.7,8.4,0.0,0.0,0.0,0.0,0.0,0.0,0.0,0.0,0.0,0.0,1.2
244,Robert Foster,MIA,WR,0.7,8.8,0.0,0.0,0.0,0.0,0.0,0.0,0.0,0.0,0.0,0.0,1.2
248,JoJo Natson,CLE,WR,0.7,8.6,0.0,0.0,0.0,0.0,0.0,0.0,0.0,0.0,0.0,0.0,1.2
251,River Cracraft,SF,WR,0.7,8.6,0.0,0.0,0.0,0.0,0.0,0.0,0.0,0.0,0.0,0.0,1.2
249,Ja'Marcus Bradley,CLE,WR,0.7,8.6,0.0,0.0,0.0,0.0,0.0,0.0,0.0,0.0,0.0,0.0,1.2
136,Antony Auclair,HOU,TE,0.8,7.9,0.0,0.0,0.0,0.0,0.0,0.0,0.0,0.0,0.0,0.0,1.2
135,Hakeem Butler,PHI,TE,0.8,8.3,0.0,0.0,0.0,0.0,0.0,0.0,0.0,0.0,0.0,0.0,1.2
250,Dan Chisena,MIN,WR,0.7,8.7,0.0,0.0,0.0,0.0,0.0,0.0,0.0,0.0,0.0,0.0,1.2
245,Derrick Willies,CLE,WR,0.7,8.8,0.0,0.0,0.0,0.0,0.0,0.0,0.0,0.0,0.0,0.0,1.2
138,Levine Toilolo,NYG,TE,0.8,7.4,0.0,0.0,0.0,0.0,0.0,0.0,0.0,0.0,0.0,0.0,1.1
139,Cole Hikutini,NYG,TE,0.8,7.2,0.0,0.0,0.0,0.0,0.0,0.0,0.0,0.0,0.0,0.0,1.1
261,Ishmael Hyman,CAR,WR,0.7,7.4,0.0,0.0,0.0,0.0,0.0,0.0,0.0,0.0,0.0,0.0,1.1
260,Brandon Zylstra,CAR,WR,0.7,7.5,0.0,0.0,0.0,0.0,0.0,0.0,0.0,0.0,0.0,0.0,1.1
259,C.J. Board,NYG,WR,0.7,7.7,0.0,0.0,0.0,0.0,0.0,0.0,0.0,0.0,0.0,0.0,1.1
258,Ryan Switzer,CLE,WR,0.8,7.3,0.0,0.0,0.0,0.0,0.0,0.0,0.0,0.0,0.0,0.0,1.1
257,Tyrie Cleveland,DEN,WR,0.7,8.0,0.0,0.0,0.0,0.0,0.0,0.0,0.0,0.0,0.0,0.0,1.1
140,Colin Thompson,CAR,TE,0.7,6.8,0.0,0.0,0.0,0.0,0.0,0.0,0.0,0.0,0.0,0.0,1.0
262,James Proche,BAL,WR,0.7,7.0,0.0,0.0,0.0,0.0,0.0,0.0,0.0,0.0,0.0,0.0,1.0
173,Tony Jones Jr.,NO,RB,0.2,0.4,0.0,0.0,0.9,0.7,0.0,0.0,0.0,0.0,0.0,0.0,0.2
76,Kyle Lauletta,CLE,QB,0.0,0.0,0.0,0.0,0.0,0.0,0.0,0.0,0.0,0.0,0.0,0.0,0.0
85,Joshua Dobbs,PIT,QB,0.0,0.0,0.0,0.0,0.0,0.0,0.0,0.0,0.0,0.0,0.0,0.0,0.0
77,Jake Rudock,MIA,QB,0.0,0.0,0.0,0.0,0.0,0.0,0.0,0.0,0.0,0.0,0.0,0.0,0.0
78,Will Grier,CAR,QB,0.0,0.0,0.0,0.0,0.0,0.0,0.0,0.0,0.0,0.0,0.0,0.0,0.0
79,DeShone Kizer,TEN,QB,0.0,0.0,0.0,0.0,0.0,0.0,0.0,0.0,0.0,0.0,0.0,0.0,0.0
80,Ryan Finley,HOU,QB,0.0,0.0,0.0,0.0,0.0,0.0,0.0,0.0,0.0,0.0,0.0,0.0,0.0
81,Joe Webb III,NYG,QB,0.0,0.0,0.0,0.0,0.0,0.0,0.0,0.0,0.0,0.0,0.0,0.0,0.0
82,Nathan Peterman,LV,QB,0.0,0.0,0.0,0.0,0.0,0.0,0.0,0.0,0.0,0.0,0.0,0.0,0.0
83,Brett Rypien,DEN,QB,0.0,0.0,0.0,0.0,0.0,0.0,0.0,0.0,0.0,0.0,0.0,0.0,0.0
84,Nick Foles,CHI,QB,0.0,0.0,0.0,0.0,0.0,0.0,0.0,0.0,0.0,0.0,0.0,0.0,0.0
86,Easton Stick,LAC,QB,0.0,0.0,0.0,0.0,0.0,0.0,0.0,0.0,0.0,0.0,0.0,0.0,0.0
75,Nate Sudfeld,SF,QB,0.0,0.0,0.0,0.0,0.0,0.0,0.0,0.0,0.0,0.0,0.0,0.0,0.0
87,Ryan Griffin,TB,QB,0.0,0.0,0.0,0.0,0.0,0.0,0.0,0.0,0.0,0.0,0.0,0.0,0.0
88,C.J. Beathard,JAC,QB,0.0,0.0,0.0,0.0,0.0,0.0,0.0,0.0,0.0,0.0,0.0,0.0,0.0
89,Devlin Hodges,LAR,QB,0.0,0.0,0.0,0.0,0.0,0.0,0.0,0.0,0.0,0.0,0.0,0.0,0.0
90,Brett Hundley,ARI,QB,0.0,0.0,0.0,0.0,0.0,0.0,0.0,0.0,0.0,0.0,0.0,0.0,0.0
91,Cooper Rush,DAL,QB,0.0,0.0,0.0,0.0,0.0,0.0,0.0,0.0,0.0,0.0,0.0,0.0,0.0
92,Jake Luton,JAC,QB,0.0,0.0,0.0,0.0,0.0,0.0,0.0,0.0,0.0,0.0,0.0,0.0,0.0
93,Trevor Siemian,NO,QB,0.0,0.0,0.0,0.0,0.0,0.0,0.0,0.0,0.0,0.0,0.0,0.0,0.0
94,Josh Rosen,SF,QB,0.0,0.0,0.0,0.0,0.0,0.0,0.0,0.0,0.0,0.0,0.0,0.0,0.0
95,Ben DiNucci,DAL,QB,0.0,0.0,0.0,0.0,0.0,0.0,0.0,0.0,0.0,0.0,0.0,0.0,0.0
